,src_file,label
0,23.mp4,0
1,58.mp4,1
2,15.mp4,0
3,226.mp4,1
4,51.mp4,0
5,212.mp4,1
6,175.mp4,0
7,30.mp4,0
8,62.mp4,1
9,189.mp4,0
10,24.mp4,0
11,50.mp4,0
12,33.mp4,0
13,66.mp4,1
14,162.mp4,1
15,54.mp4,1
16,142.mp4,1
17,215.mp4,1
18,3.mp4,0
19,115.mp4,0
20,4.mp4,0
21,179.mp4,0
22,84.mp4,1
23,203.mp4,1
24,181.mp4,0
25,126.mp4,1
26,103.mp4,0
27,111.mp4,0
28,2.mp4,0
29,156.mp4,1
30,8.mp4,0
31,140.mp4,1
32,123.mp4,0
33,138.mp4,1
34,150.mp4,1
35,197.mp4,0
36,121.mp4,0
37,193.mp4,0
38,11.mp4,0
39,208.mp4,1
40,46.mp4,0
41,19.mp4,0
42,164.mp4,1
43,141.mp4,1
44,178.mp4,0
45,1.mp4,0
46,167.mp4,1
47,42.mp4,0
48,168.mp4,1
49,7.mp4,0
50,199.mp4,0
51,210.mp4,1
52,34.mp4,0
53,180.mp4,0
54,67.mp4,1
55,117.mp4,0
56,190.mp4,0
57,88.mp4,1
58,192.mp4,0
59,191.mp4,0
60,39.mp4,0
61,44.mp4,0
62,52.mp4,0
63,194.mp4,0
64,184.mp4,0
65,165.mp4,1
66,222.mp4,1
67,31.mp4,0
68,127.mp4,1
69,132.mp4,1
70,5.mp4,0
71,81.mp4,1
72,61.mp4,1
73,40.mp4,0
74,47.mp4,0
75,119.mp4,0
76,98.mp4,1
77,18.mp4,0
78,95.mp4,1
79,55.mp4,1
80,48.mp4,0
81,86.mp4,1
82,41.mp4,0
83,12.mp4,0
84,89.mp4,1
85,102.mp4,1
86,224.mp4,1
87,155.mp4,1
88,122.mp4,0
89,43.mp4,0
90,78.mp4,1
91,152.mp4,1
92,83.mp4,1
93,172.mp4,1
94,100.mp4,1
95,139.mp4,1
96,188.mp4,0
97,219.mp4,1
98,97.mp4,1
99,174.mp4,1
100,16.mp4,0
101,173.mp4,1
102,124.mp4,0
103,183.mp4,0
104,101.mp4,1
105,35.mp4,0
106,53.mp4,0
107,17.mp4,0
108,218.mp4,1
109,166.mp4,1
110,223.mp4,1
111,38.mp4,0
112,87.mp4,1
113,131.mp4,1
114,134.mp4,1
115,227.mp4,1
116,221.mp4,1
117,107.mp4,0
118,65.mp4,1
119,151.mp4,1
120,68.mp4,1
121,147.mp4,1
122,116.mp4,0
123,195.mp4,0
124,186.mp4,0
125,25.mp4,0
126,106.mp4,0
127,200.mp4,0
128,69.mp4,1
129,130.mp4,1
130,92.mp4,1
131,21.mp4,0
132,22.mp4,0
133,49.mp4,0
134,149.mp4,1
135,144.mp4,1
136,20.mp4,0
137,82.mp4,1
138,158.mp4,1
139,29.mp4,0
140,177.mp4,0
141,110.mp4,0
142,0.mp4,0
143,148.mp4,1
144,10.mp4,0
145,77.mp4,1
146,211.mp4,1
147,59.mp4,1
148,72.mp4,1
149,163.mp4,1
150,214.mp4,1
151,217.mp4,1
152,143.mp4,1
153,73.mp4,1
154,202.mp4,0
155,169.mp4,1
156,187.mp4,0
157,91.mp4,1
158,154.mp4,1
159,135.mp4,1
160,230.mp4,1
161,108.mp4,0
162,113.mp4,0
163,45.mp4,0
164,161.mp4,1
165,129.mp4,1
166,114.mp4,0
167,80.mp4,1
168,204.mp4,1
169,216.mp4,1
170,196.mp4,0
171,176.mp4,0
172,160.mp4,1
173,120.mp4,0
174,182.mp4,0
175,205.mp4,1
176,133.mp4,1
177,6.mp4,0
178,27.mp4,0
179,36.mp4,0
180,198.mp4,0
181,74.mp4,1
182,136.mp4,1
183,128.mp4,1
184,63.mp4,1
185,228.mp4,1
186,93.mp4,1
187,26.mp4,0
188,225.mp4,1
189,64.mp4,1
190,171.mp4,1
191,104.mp4,0
192,118.mp4,0
193,32.mp4,0
194,170.mp4,1
195,137.mp4,1
196,9.mp4,0
197,70.mp4,1
198,229.mp4,1
199,99.mp4,1
200,185.mp4,0
201,220.mp4,1
202,112.mp4,0
203,71.mp4,1
204,209.mp4,1
205,56.mp4,1
206,213.mp4,1
207,79.mp4,1
208,57.mp4,1
209,37.mp4,0
210,146.mp4,1
211,90.mp4,1
212,125.mp4,1
213,206.mp4,1
214,96.mp4,1
215,94.mp4,1
216,75.mp4,1
217,105.mp4,0
218,76.mp4,1
219,14.mp4,0
220,109.mp4,0
221,157.mp4,1
222,28.mp4,0
223,159.mp4,1
224,145.mp4,1
225,60.mp4,1
226,13.mp4,0
227,85.mp4,1
228,207.mp4,1
229,153.mp4,1
230,201.mp4,0
