name,frameTime,pcm_loudness_sma,mfcc_sma[0],mfcc_sma[1],mfcc_sma[2],mfcc_sma[3],mfcc_sma[4],mfcc_sma[5],mfcc_sma[6],mfcc_sma[7],mfcc_sma[8],mfcc_sma[9],mfcc_sma[10],mfcc_sma[11],mfcc_sma[12],mfcc_sma[13],mfcc_sma[14],logMelFreqBand_sma[0],logMelFreqBand_sma[1],logMelFreqBand_sma[2],logMelFreqBand_sma[3],logMelFreqBand_sma[4],logMelFreqBand_sma[5],logMelFreqBand_sma[6],logMelFreqBand_sma[7],lspFreq_sma[0],lspFreq_sma[1],lspFreq_sma[2],lspFreq_sma[3],lspFreq_sma[4],lspFreq_sma[5],lspFreq_sma[6],lspFreq_sma[7],F0finEnv_sma,voicingFinalUnclipped_sma,F0final_sma,jitterLocal_sma,jitterDDP_sma,shimmerLocal_sma,pcm_loudness_sma_de,mfcc_sma_de[0],mfcc_sma_de[1],mfcc_sma_de[2],mfcc_sma_de[3],mfcc_sma_de[4],mfcc_sma_de[5],mfcc_sma_de[6],mfcc_sma_de[7],mfcc_sma_de[8],mfcc_sma_de[9],mfcc_sma_de[10],mfcc_sma_de[11],mfcc_sma_de[12],mfcc_sma_de[13],mfcc_sma_de[14],logMelFreqBand_sma_de[0],logMelFreqBand_sma_de[1],logMelFreqBand_sma_de[2],logMelFreqBand_sma_de[3],logMelFreqBand_sma_de[4],logMelFreqBand_sma_de[5],logMelFreqBand_sma_de[6],logMelFreqBand_sma_de[7],lspFreq_sma_de[0],lspFreq_sma_de[1],lspFreq_sma_de[2],lspFreq_sma_de[3],lspFreq_sma_de[4],lspFreq_sma_de[5],lspFreq_sma_de[6],lspFreq_sma_de[7],F0finEnv_sma_de,voicingFinalUnclipped_sma_de,F0final_sma_de,jitterLocal_sma_de,jitterDDP_sma_de,shimmerLocal_sma_de
'unknown',0.0,0.0,-131.1701,-2.665247,1.071441,-0.6042389,1.399345,-1.555304,-0.3652897,1.7077939999999998,0.48129579999999994,-0.9658324,-0.9076965,-0.27646459999999995,-0.04671014,-0.4244146,1.086829,-24.29835,-24.13247,-23.14857,-22.56711,-21.51537,-20.912760000000002,-20.31776,-19.569770000000002,0.17301670000000002,0.8117545999999999,1.145451,1.52001,1.607713,1.713065,2.017892,2.598166,38.44846,0.2380692,0.0,0.0,0.0,0.0,0.0,3.9331699999999996,-0.8882889,0.7207154,-0.316131,0.696571,0.23784470000000002,1.9906270000000001,2.017241,0.4204732,-0.4987589,0.17167770000000002,0.04128038,-0.5528901999999999,-1.03151,0.6248673,2.239385,2.05733,1.9852889999999999,1.756162,1.623276,1.525815,1.3783299999999998,1.313301,0.01064311,-0.05145323,-0.07521132,-0.0871485,-0.05894846,-0.03415825,-0.08286357,-0.07879679,19.1445,0.126402,0.0,0.0,0.0,0.0
'unknown',0.01,0.0,-124.7233,-5.155782,2.497661,-0.7929579999999999,1.6849349999999998,-2.3143580000000004,2.8927549999999997,4.290309,-0.5038257,-2.036785,-1.043819,-2.136868,0.1044886,-2.264626,1.973026,-20.12465,-20.23316,-19.43425,-19.32591,-18.509870000000003,-17.99024,-17.68889,-17.05836,0.2080322,0.7054691,0.9978203000000001,1.35537,1.47688,1.6484,1.8334840000000001,2.337727,76.99767,0.4908374,115.9499,0.0,0.0,0.0,0.0008586211999999999,7.994936,-0.1803796,0.4632308,-0.42935779999999996,2.20788,2.243962,4.341588,3.534979,1.6817400000000002,-0.9868790999999999,1.170765,0.8474847,-1.634875,-1.381566,1.274249,3.341331,2.948036,2.933153,2.717886,2.4307540000000003,2.269719,2.04209,1.911631,0.005961919,-0.0773208,-0.105475,-0.11541789999999999,-0.07776769,-0.04536042,-0.06611258,-0.06513917,22.72324,0.15193679999999998,0.0,0.0,0.0,0.0
'unknown',0.02,0.0,-114.7277,-5.8614239999999995,3.961908,-2.090534,4.739406,0.01344728,7.9588220000000005,10.50274,3.076222,-2.9241509999999997,0.01875329,0.8601389000000002,-2.886761,-4.66186,3.768068,-15.188279999999999,-15.79548,-15.07929,-15.4069,-14.901729999999999,-14.74495,-14.74054,-14.25898,0.20872449999999998,0.6076313,0.84321,1.166588,1.378387,1.5746069999999999,1.6957779999999998,2.3344009999999997,114.8964,0.743695,113.2472,0.0,0.0,0.0,0.003333599,12.182730000000001,1.446059,-0.4240109,-0.5655591999999999,3.984774,4.470866,5.223617,4.294014,4.773207,-0.7236096,2.7808889999999997,2.0960509999999997,-2.691648,-1.25356,1.349051,3.837011,3.288146,3.329889,3.2449779999999997,2.890635,2.610004,2.3521799999999997,2.162074,-0.0064286709999999995,-0.07440701,-0.09953491,-0.11736769999999999,-0.07481222,-0.05448754,-0.03474842,0.01064353,18.37885,0.1239746,-0.4796455,0.0,0.0,0.0
'unknown',0.03,0.004293106,-99.41665,-1.969057,1.942361,-2.00788,10.76872,8.880132000000001,17.18059,14.985220000000002,7.592531,-4.921069,4.482903,3.392657,-6.801062,-5.213524,6.117457,-12.14673,-13.560789999999999,-12.517439999999999,-12.557789999999999,-12.66841,-12.64807,-12.89591,-12.667019999999999,0.18497239999999998,0.5272123000000001,0.7691967,1.119631,1.333538,1.555493,1.848386,2.404352,113.8407,0.7449401999999999,110.6738,0.0,0.0,0.0,0.006177149,14.8713,2.9378029999999997,-1.692445,-0.1376656,4.671458,5.669778,4.499708,3.876743,6.933782000000001,-0.08754349,3.903949,2.8727009999999997,-2.837621,-1.195316,0.7365063000000001,3.358868,2.789766,2.889014,3.0018,2.7307189999999997,2.400598,2.170352,1.9557939999999998,-0.01621493,-0.04340845,-0.04940084,-0.06853112,-0.05008633,-0.02945874,0.04145264,0.08739698,6.216128,0.04408845,-2.124009,0.0,0.0,0.0
'unknown',0.04,0.01452144,-82.90977,2.971685,-0.7709639,-2.824574,16.78133,15.20178,18.60888,17.83041,20.29915,-3.141739,10.23339,7.4390279999999995,-10.05218,-5.217768,5.759866000000001,-9.10225,-11.02793,-9.957526,-9.726281,-9.982917,-10.53383,-10.95335,-10.95508,0.1524033,0.528848,0.7620885000000001,1.05104,1.305323,1.4870809999999999,1.836699,2.618071,111.9212,0.7308906999999999,106.1625,0.0,0.0,0.0,0.02057885,15.213510000000001,2.94519,-2.073538,0.5834709,2.830478,4.073283,2.210184,2.154621,6.36832,0.5612444999999999,3.436682,2.516603,-1.1650340000000001,-0.6257411,-0.6863159000000001,2.6029430000000002,2.251373,2.305356,2.457112,2.346645,2.084005,1.952622,1.7565689999999998,-0.01290163,-0.01486169,-0.01068288,-0.02396781,-0.03402882,-0.01339226,0.03306978,0.06910722,-1.917403,-0.007959438000000001,-1.5471030000000001,0.0,0.0,0.0
'unknown',0.05,0.02362503,-66.27571999999999,5.116678,-3.598128,-1.114266,19.02126,18.44037,20.066270000000003,20.010189999999998,25.553620000000002,-2.365709,13.36861,8.937192,-10.500910000000001,-7.963253,4.659658,-6.37332,-8.668104,-7.550058,-7.15722,-7.315681,-8.092813,-8.730725,-8.931341999999999,0.1551182,0.5278185000000001,0.7913769,1.0704879999999999,1.26298,1.544869,1.970287,2.632877,109.5659,0.7176818,102.5001,0.0,0.0,0.8375971,0.04178857,12.48681,1.411334,-1.808013,0.740229,0.42738869999999995,0.9052690000000001,0.23406639999999998,1.084638,2.656371,0.6098520000000001,2.021148,2.063616,0.7318705,0.39064099999999996,-1.8154700000000001,1.853862,1.800716,1.8189529999999998,1.87042,1.900581,1.778929,1.6734930000000001,1.554207,-0.0031587720000000002,0.005829846999999999,0.004637694,0.0005818605000000001,-0.01734903,0.0006493807,-0.007481301,0.02772462,-2.143945,-0.006808436,-1.085992,0.0,0.0,0.0
'unknown',0.06,0.09322831,-55.23059,5.321661,-3.635536,0.3800135,14.76552,15.599739999999999,17.5669,18.763360000000002,25.937279999999998,-1.395608,12.759310000000001,10.67088,-6.862009,-6.4157,1.065387,-5.060266,-6.984952000000001,-6.036199,-5.821618,-5.844869999999999,-6.60256,-7.060022999999999,-7.343969,0.1591435,0.5330196999999999,0.7787055,1.071321,1.243522,1.5129569999999999,1.8001770000000001,2.565675,107.4468,0.717527,101.0894,0.02498122,0.0,0.6028140999999999,0.06131592,7.953288000000001,0.03046081,-1.678607,-0.0001384735,-1.5394079999999999,-1.552821,-0.7403654000000001,-0.3661009,-1.574284,-0.21360700000000002,1.813982,1.056173,1.1935040000000001,1.9609150000000002,-3.4453099999999997,0.8743553,1.157316,1.147874,1.163182,1.1386690000000002,1.207699,1.124642,1.086527,0.01198484,0.009757136999999999,-0.001479423,0.01214807,8.023977e-05,-0.004025662,-0.04340605,-0.0277168,-1.933844,-0.004006779,-0.4938675,0.0,0.0,-0.0153818
'unknown',0.07,0.1738825,-50.82219,3.9126269999999996,-5.665419,0.09097115,13.91356,13.20749,18.87191,19.94193,18.055320000000002,-2.7448740000000003,13.325679999999998,12.09481,-4.736793,-2.661352,-0.6126533000000001,-4.898414,-6.578695,-5.383343,-5.158019,-5.23453,-5.719061,-6.475109,-6.701538,0.1658084,0.5542756999999999,0.7840766,1.112401,1.277693,1.5458020000000001,1.829241,2.5691740000000003,105.3582,0.7175799,99.09243000000001,0.03547648,0.04733521,0.3453796,0.05310851,2.975725,-0.6805137,-1.5884639999999999,-1.629373,-2.600689,-3.2627580000000003,-2.663535,-1.946818,-2.5263150000000003,-0.45768450000000005,2.895829,-0.2770302,-0.5536246,2.4082220000000003,-4.100083000000001,-0.05205417,0.5633726,0.45351199999999997,0.4768012,0.3860695,0.5005054,0.46330790000000005,0.49323500000000003,0.02496363,0.01045335,-0.004948366,-0.001998007,0.01245425,-0.01937301,-0.07136333,-0.05304499,-1.497637,-0.004717183,-0.02660555,0.0001534985,0.0,-0.01206691
'unknown',0.08,0.2459723,-50.870090000000005,3.7260150000000003,-8.130353,-3.427885,11.63813,10.054110000000001,15.504229999999998,16.03404,16.17688,-4.0201910000000005,19.32476,11.14109,-6.966711999999999,1.935858,-8.830528999999999,-5.4679269999999995,-6.286055999999999,-5.301512000000001,-4.9099699999999995,-5.330149,-5.682208,-6.457943,-6.637347999999999,0.20698229999999998,0.5644051,0.7583415,1.090824,1.298368,1.466487,1.690192,2.511339,104.3558,0.7109078000000001,100.2114,0.03020017,0.04733521,0.1804723,0.01294289,-0.5780890999999999,-0.9763489,-1.008253,-2.535172,-2.558251,-3.102544,-3.5637790000000003,-2.0659099999999997,0.09609871,0.0017355920000000002,3.190707,-1.7517900000000002,-2.573729,0.9694151,-3.256027,-0.5309965,0.1659889,-0.03495087,-0.04381118,-0.1026758,-0.06600843,0.0035720829999999998,0.05550723,0.03450941,0.00018814209999999998,0.00191322,-0.01011587,0.01427686,-0.01161845,-0.02550516,-0.04272857,-0.9382126000000001,-0.05379606,0.0,0.0,0.0,0.0
'unknown',0.09,0.2127956,-53.57734,2.511933,-9.29304,-7.357183999999999,7.581511,4.899398000000001,7.77993,11.64077,17.80224,-3.3418400000000004,24.56503,7.31694,-13.216679999999998,-0.09792105,-10.8928,-6.42976,-6.200689,-5.649842,-5.229038,-5.6426940000000005,-6.050461,-6.7152259999999995,-6.818478,0.2560169,0.5643925999999999,0.7768170999999999,1.050746,1.2978290000000001,1.471239,1.668463,2.39482,103.6232,0.6974055,0.0,0.0,0.0,0.0,-0.02793245,-2.101207,-1.273882,0.09733739,-1.971855,-2.365552,-2.828138,-4.383902,-0.6257746,3.629032,0.21525389999999997,0.9760271,-2.214322,-2.5772779999999997,-0.2218163,0.08930037,-0.6412981,-0.03164339,-0.26920879999999997,-0.43115690000000007,-0.2498485,-0.3291259,-0.1547901,-0.1077251,0.03146585,-0.01152701,0.01852075,-0.0116101,0.004379046,-0.004572499,0.01323297,-0.02504578,-0.4202576,-0.07644011,0.0,0.0,0.0,0.0
'unknown',0.1,0.1384862,-56.74346,1.140263,-6.862989,-8.571771,5.140293,4.24107,5.294,12.5844,26.54431,-1.088447,23.09317,4.30087,-15.49071,-2.850341,-10.07467,-6.9495759999999995,-6.344011,-6.077704,-6.005164,-6.154167,-6.766901,-6.922103999999999,-7.007963,0.28658629999999996,0.5289020000000001,0.7919014,1.051569,1.304838,1.492146,1.7530400000000002,2.439209,103.6232,0.4586339,0.0,0.0,0.0,0.0,-0.04317033,-2.161891,-1.817119,0.8763970999999999,-0.6253823000000001,-1.2310709999999998,-2.257164,-3.307489,2.350896,4.193987,-0.46494709999999995,-2.989784,-1.369899,-0.2599584,-0.36603270000000004,3.8006279999999997,-0.5333465000000001,-0.2256835,-0.3125265,-0.6218756999999999,-0.1757081,-0.29810440000000005,-0.1652372,-0.101398,0.02115816,-0.01475201,0.04374059,0.009425903000000001,0.004654312,0.01710397,0.07544182,0.03477907,-0.146521,-0.07213066,0.0,0.0,0.0,0.0
'unknown',0.11,0.08796329,-58.39154,-1.163905,-5.8124139999999995,-7.196363000000001,5.334723,1.9733209999999999,2.057516,18.537879999999998,31.01677,-3.134477,16.321620000000003,4.443309999999999,-13.36118,-1.377335,0.4559213,-7.36408,-6.707935000000001,-6.341291,-6.7662059999999995,-6.071764,-6.822342999999999,-7.016978999999999,-7.054856,0.2833357,0.5143922000000001,0.8599004000000001,1.073978,1.296353,1.51011,1.863982,2.48001,103.6232,0.46151629999999993,0.0,0.0,0.0,0.0,-0.02902787,-1.369025,-1.830525,0.717914,0.687349,-0.02173557,-1.8265259999999999,-2.281405,2.749833,1.069921,-1.7620209999999998,-5.6213239999999995,-0.2866538,2.097903,0.15005510000000002,4.939748000000001,-0.3544907,-0.3235595,-0.26967329999999995,-0.5253012,-0.03344703,-0.1091941,-0.1008931,-0.03088818,0.01069567,-0.004229403,0.05363377,0.02788024,0.006465042,0.01750737,0.08721986,0.06916092,0.0,0.001225102,0.0,0.0,0.0,0.0
'unknown',0.12,0.09253678,-59.27245,-3.5216589999999997,-5.4886800000000004,-6.635207,6.606174,0.23132579999999997,1.8279869999999998,24.33996,30.539559999999998,-6.448608,8.497548,5.728404,-8.194252,0.7454019000000001,4.498251,-7.6675,-7.160850999999999,-6.51842,-7.250764,-5.994154,-6.7867880000000005,-7.133253,-7.026149,0.2991138,0.5156452,0.9355028000000001,1.1263379999999998,1.3223770000000001,1.532571,1.969642,2.64264,103.6232,0.4681991,0.0,0.0,0.0,0.0,-0.01176981,-0.6858433,-1.2169729999999999,0.5322643,0.3107204,0.00390954,-2.21793,-1.184418,0.8289639000000001,-3.192638,-1.821865,-6.185867,-0.07627277,3.168034,-0.7196378000000001,3.226566,-0.2272056,-0.27074990000000004,-0.16735379999999997,-0.3008268,-0.02892847,-0.03127813,-0.1133579,-0.01483722,0.009277249,0.0049238979999999995,0.03505876,0.02691636,0.0062323809999999995,0.0141137,0.06186657,0.05909791,0.0,0.02457433,0.0,0.0,0.0,0.0
'unknown',0.13,0.09063099,-59.15797,-4.3097330000000005,-6.390625,-4.888721,6.739892,-2.228359,-1.8940869999999999,19.51215,21.15423,-9.471864,3.756219,5.169905,-6.375397,-1.145517,6.519476999999999,-7.843252000000001,-7.410067,-6.777850999999999,-7.232744,-5.889936,-6.586488,-7.114117,-6.963825,0.3032315,0.5498739,0.9731851999999999,1.152762,1.3213840000000001,1.538563,1.996261,2.6389099999999996,103.6232,0.6987484,0.0,0.0,0.0,0.0,-0.01169149,-0.32825279999999996,-0.1466814,0.6654121000000001,-0.44020690000000007,-0.02221685,-1.805434,0.34446609999999994,-1.6687939999999999,-5.338927,0.01764235,-4.354415,0.5285161999999999,3.3474449999999996,-2.385925,0.7714201,-0.08378935,-0.139774,-0.0948782,-0.07234993,-0.11422550000000001,-0.08533082,-0.1518445,-0.04895115,0.005026035999999999,0.007263230999999999,-0.007320576999999999,0.01398394,-0.0029448029999999997,0.00383848,0.008413469,0.005201316,0.0,-0.0006618082,0.0,0.0,0.0,0.0
'unknown',0.14,0.0783033,-59.78946,-3.371689,-3.9125620000000003,-8.171989,4.457256,-4.747741,1.347713,16.242079999999998,15.51239,-7.029077,-1.553467,3.5562089999999995,-3.1434349999999998,-6.564438000000001,3.026379,-7.846017999999999,-7.346694,-6.696192999999999,-7.276028999999999,-6.389723,-7.04122,-7.440324,-7.127664,0.32302459999999994,0.5357805999999999,0.9105528,1.146758,1.323485,1.5484879999999999,1.9962330000000001,2.655248,103.6232,0.46288950000000006,0.0,0.0,0.0,0.0,-0.01258399,-0.273904,0.7693762,1.1755719999999998,-1.135618,-0.2155348,-1.4704540000000001,1.15595,-2.304922,-5.03081,1.641491,-1.321721,1.5167899999999999,2.94671,-2.718343,-0.562865,-0.00036363599999999997,0.01881461,-0.0361362,0.01749821,-0.19578610000000002,-0.1648727,-0.2089038,-0.0949923,-0.001510504,0.004814905,-0.03986542,-0.002060211,-0.0117257,-0.0007085919,-0.01982572,-0.0397701,0.0,-0.02507264,0.0,0.0,0.0,0.0
'unknown',0.15,0.03662258,-59.7743,-1.9722970000000002,-3.273413,-8.629006,6.298098,-4.564318,4.019984,14.24285,11.83572,-2.756031,-0.4249517,8.171988,0.850633,-9.652039,5.048957,-7.6937679999999995,-7.313883000000001,-6.726795,-7.115324,-6.445107,-7.1217820000000005,-7.622665,-7.248854,0.2965104,0.5406407,0.8357725,1.1336870000000001,1.281075,1.521344,1.892753,2.4997119999999997,103.6232,0.4608621,0.0,0.0,0.0,0.0,-0.008064573,-0.4452522,0.9377139000000001,1.248316,-0.8347176,-0.2106895,-0.9625524,0.7004316999999999,-1.3988129999999999,-3.263794,1.794916,1.080282,2.08175,2.814064,-0.7218964,-0.8118841,-0.0031279090000000003,0.05087709,-0.05918822,-0.03066053,-0.1887541,-0.1896985,-0.2172016,-0.1155866,-0.005992887,0.0002228618,-0.03411104,-0.004792273,-0.0065301890000000005,0.002662682,-0.01767073,-0.0394763,0.0,0.0006975591000000001,0.0,0.0,0.0,0.0
'unknown',0.16,0.05662103,-60.33381,-0.8434959999999999,-1.169426,-10.44315,5.749398,-5.952966,4.650702,15.45,10.04477,-1.599071,3.9795279999999997,11.81131,2.926281,-8.593049,2.419186,-7.74406,-7.11487,-6.724628,-7.221983,-6.6955,-7.343505,-7.9234979999999995,-7.358596,0.2949218,0.5443364,0.804882,1.125574,1.283903,1.5376379999999998,1.9222669999999997,2.513388,103.6232,0.4617791,0.0,0.0,0.0,0.0,0.001967897,-0.51973,0.6727093000000001,1.065451,0.23528520000000003,-0.24798330000000002,-0.6398224,-0.9233241,-0.3892483,-1.485233,1.1013,1.9460849999999998,0.5079180999999999,1.629818,1.97278,-1.029575,-0.02973723,0.03256788,-0.1018146,-0.11704469999999999,-0.1385637,-0.137877,-0.1640277,-0.08933286,-0.0009173244,-0.000450474,-0.00301137,-0.0024670720000000003,0.004888272,0.01172838,0.0026765820000000003,0.00518322,0.0,0.0696186,0.0,0.0,0.0,0.0
'unknown',0.17,0.06114926,-61.11206,-0.8852595999999999,-1.520612,-7.926728,5.040374,-6.438509,-0.04342302,12.91413,7.569069,-3.2122889999999997,6.39113,11.45111,4.660063,-3.740693,2.7636540000000003,-7.909871000000001,-7.271594,-7.0595740000000005,-7.413069,-6.6808179999999995,-7.383838000000001,-7.958538000000001,-7.426292,0.2873185,0.5467104,0.8554654,1.139393,1.308524,1.557301,1.944891,2.512458,103.6232,0.7027914000000001,0.0,0.0,0.0,0.0,0.005889656,-0.38755609999999996,0.3552071,0.9944216,1.032223,-0.7422714,-0.9218094000000001,-2.1657040000000003,0.5216249,0.3760005,0.9517072,0.8191395,-1.943124,0.2619078,3.2568580000000003,-1.506928,-0.0168395,0.0486753,-0.07916036,-0.1888164,-0.09766255,-0.08624677,-0.07890038,-0.03817129,0.003530735,-0.009396736999999999,0.02333878,0.003772867,0.01904556,0.02321554,0.03156517,0.05168831,0.0,0.0686432,0.0,0.0,0.0,0.0
'unknown',0.18,0.07587945,-61.71921999999999,-0.551661,0.5382918999999999,-7.346703,3.846201,-7.009758000000001,-1.2372040000000002,14.9602,10.21955,-1.29445,4.768919,4.456241,3.100938,0.34378590000000003,-0.9788437,-7.886652000000001,-7.205,-7.038877,-7.7123800000000005,-6.964686,-7.599576,-8.092526,-7.48561,0.323034,0.5304934,0.8856495000000001,1.13157,1.334202,1.589151,1.9835470000000002,2.674791,103.6232,0.6900178000000001,0.0,0.0,0.0,0.0,-0.0016115670000000002,-0.07647743,0.05795348,0.7510028,1.237666,-0.3833256,-0.8601208,-2.58032,-0.2984746,1.5117459999999998,1.6985919999999999,-0.47106509999999996,-2.520779,-0.4427555,2.244712,-1.281727,0.02990823,0.0699708,-0.06652331,-0.1420875,-0.02234492,-0.04056182,0.01586595,0.007307529,0.002119422,-0.01764127,0.02542001,-0.001063466,0.01104513,0.01028432,0.001827109,0.04206841,0.0,-0.003849804,0.0,0.0,0.0,0.0
'unknown',0.19,0.05644165,-61.019369999999995,-0.3421794,0.8448365,-5.016115,3.538339,-8.644969,-3.864584,17.09587,13.628329999999998,1.850195,3.276051,2.133905,2.072843,2.1638319999999998,-0.786666,-7.706669000000001,-7.025442,-6.965472999999999,-7.814207000000001,-6.798825999999999,-7.424980000000001,-7.932653,-7.3762039999999995,0.300108,0.5005785,0.9120826999999999,1.1495540000000002,1.3511540000000002,1.611665,2.019939,2.677452,103.6232,0.6899588000000001,0.0,0.0,0.0,0.0,-0.004073306,0.18973270000000003,0.06094018,0.6374955,0.3434454,-0.1063999,-0.1706932,-1.3787610000000001,-1.100226,1.880322,1.7327380000000001,-0.6601954000000001,-1.2546950000000001,-0.6131722,0.1650192,-1.299412,0.07252808,0.1072846,-0.007935381,-0.02477512,0.0005797863,-0.04975591,0.05486589,0.02216082,-0.006928128,-0.01657145,0.006540013000000001,-0.008297598,-0.0015226010000000002,-0.004467797,-0.009870899,0.02021544,0.0,-0.07152496,0.0,0.0,0.0,0.0
'unknown',0.2,0.050917,-60.76254,-0.8252687,1.4028639999999999,-5.710129,4.583787,-9.15034,-6.340318,11.86675,14.573870000000001,4.362648,3.181742,3.866018,2.006113,-0.3217505,-2.214289,-7.69612,-6.888091999999999,-7.104296000000001,-7.731852000000001,-6.74822,-7.525742999999999,-7.857111,-7.347103,0.2991242,0.479196,0.9036735,1.115176,1.317814,1.561878,1.893878,2.641233,103.6232,0.44894639999999997,0.0,0.0,0.0,0.0,-0.002326012,0.0103466,-0.1476704,-0.02229694,-1.139617,-0.6796013000000001,0.5723549,-0.21954200000000001,-2.596044,0.3468693,0.6902482,-0.3794829,1.0677940000000001,0.7033345999999999,-1.477833,-1.055877,-0.04122462,0.0546834,0.004829454,0.08996816,-0.02037258,-0.10767730000000002,0.04329843,0.00646286,-0.006132123000000001,-0.009930873,-0.01317401,-0.01749874,-0.009624170999999999,-0.01970819,-0.03805435,-0.01924548,0.0,-0.06774023,0.0,0.0,0.0,0.0
'unknown',0.21,0.05326395,-60.641740000000006,-0.4437548,1.23458,-7.027788,4.139581,-6.221684,-4.385669999999999,8.959723,14.793520000000001,2.62285,3.8837410000000006,5.472741,2.141614,-2.5828290000000003,-3.115685,-7.6424970000000005,-6.893625,-7.066542,-7.527209,-6.786152,-7.669534,-7.8019169999999995,-7.384741,0.2646328,0.4895018,0.8791535,1.1061020000000001,1.309105,1.548599,1.9403709999999998,2.630315,103.6232,0.4657023,0.0,0.0,0.0,0.0,0.0018747829999999999,-0.40206149999999996,-0.07092672,-0.01785177,-1.831827,-0.9728338,0.9002095999999999,1.625389,-1.422585,-0.4363351,0.3339386,-0.5248941999999999,0.9527485000000001,1.476652,-1.3406209999999998,-1.202705,-0.10885430000000001,-0.02933455,0.03730297,0.06803508,-0.1280442,-0.1618135,-0.05795989,-0.04507198,-0.0009675978999999999,-0.001971054,-0.03553069,-0.02070607,-0.01426442,-0.02086592,-0.05804164,-0.04959221,0.0,0.0028243509999999997,0.0,0.0,0.0,0.0
'unknown',0.22,0.06583824,-61.8563,-1.239225,0.2319357,-12.03895,0.1475735,-5.3596260000000004,-2.0743709999999997,6.048058999999999,11.3713,1.770464,2.567659,8.125793,6.583225,-4.672048,-5.093719999999999,-8.124862,-6.997491,-6.964195,-7.406038000000001,-7.0728860000000005,-8.015686,-7.941402,-7.449027,0.310111,0.4863773,0.8362440000000001,1.0658020000000001,1.307105,1.522143,1.83306,2.6021330000000003,103.6232,0.46344480000000005,0.0,0.0,0.0,0.0,0.003782085,-0.7934208,0.04811952,0.1142532,-1.476043,-1.1602620000000001,0.09833474,1.8937830000000002,0.3333513,-0.6712471999999999,0.7659706000000001,-1.373821,-0.5861420999999999,1.5201120000000001,0.19528879999999998,-1.3707610000000001,-0.14173840000000001,-0.08842254,0.03147578,-0.03861608,-0.18619620000000003,-0.1483629,-0.1504354,-0.08980574,0.002388391,-0.0017205270000000001,-0.0328597,-0.01380882,-0.001163411,-0.002964151,-0.02838968,-0.05250163,0.0,0.07093678,0.0,0.0,0.0,0.0
'unknown',0.23,0.05835495,-62.48279,-0.4898349,1.341042,-11.01084,0.8922764999999999,-6.0392779999999995,2.1293860000000002,12.8923,13.047930000000001,4.815980000000001,0.9586212,4.767761,7.167546000000001,-2.3641229999999998,-5.3604769999999995,-8.03657,-7.117414,-6.849008,-7.636939,-7.276714,-7.989076,-8.180306,-7.5506020000000005,0.28977659999999994,0.48713249999999997,0.7681439999999999,1.070711,1.2851860000000002,1.527203,1.76014,2.449041,103.6232,0.6968313,0.0,0.0,0.0,0.0,-0.002612503,-0.9534248,0.18242479999999997,0.39796159999999997,-0.47329390000000005,-0.8112814,-1.133638,1.134414,-0.2789623,-0.4762187,1.680246,-1.570022,-2.728659,-0.1451269,1.524089,-1.376571,-0.1031611,-0.08658729,-0.03686633,-0.1362062,-0.2133336,-0.1005175,-0.1742634,-0.1514469,0.002491695,-0.0085064,-0.02085677,-0.01329504,0.005869198000000001,0.003713453,-0.02847984,-0.04725187,0.0,0.06674325,0.0,0.0,0.0,0.0
'unknown',0.24,0.06728192,-63.80911999999999,-0.561631,1.9208990000000001,-11.09882,0.4061317,-8.749869,-0.1289315,11.567219999999999,12.09042,7.095935000000001,-2.224803,1.287798,7.093709,0.5453401999999999,-7.945695,-8.207775,-7.218309,-7.055683999999999,-7.870067999999999,-7.43392,-8.107787,-8.420093,-7.713201,0.2984942,0.471778,0.7948797,1.063828,1.323956,1.557755,1.8420450000000002,2.469362,103.6232,0.6880658000000001,0.0,0.0,0.0,0.0,-0.007930632,-0.9136470999999999,0.04775408,0.07573985,-0.1350784,-0.6706766,-1.116301,0.3304561,-2.372384,-0.9236099,0.8500088,-0.8692532,-3.3900879999999995,-1.9064849999999998,2.256965,-0.3490816,-0.09646654,-0.10534360000000001,-0.1015525,-0.11664780000000001,-0.2150799,-0.0723085,-0.11870080000000001,-0.17729489999999998,0.0034775170000000003,-0.002504039,-0.001465803,-0.01133978,0.02210565,0.01093634,0.01431794,0.0029340029999999997,-0.5223358,0.04408621,0.0,0.0,0.0,0.0
'unknown',0.25,0.03947959,-64.43245999999999,0.1295724,2.379906,-9.864324,-0.04610491,-10.19475,0.3136817,4.8053300000000005,12.05286,8.361344,-1.5701399999999999,-4.75156,1.1607370000000001,2.428922,-8.572550999999999,-8.116845,-7.216152,-7.2051289999999995,-7.976225,-7.672303,-8.126071000000001,-8.433888,-8.009889,0.2828996,0.4542695,0.7955518,1.040614,1.330026,1.54936,1.793479,2.460441,103.6232,0.6871081,0.0,0.0,0.0,0.0,-0.009103851,-0.6613055999999999,-0.2243839,-0.5711675,-0.6594426,-1.177152,-0.5237607,-0.22598200000000002,-4.086423,-1.681396,-1.4069559999999999,0.04823963,-1.134387,-2.126312,1.3529440000000001,1.181889,-0.13657320000000003,-0.09398656,-0.0823801,-0.01572824,-0.1699654,-0.07633171,-0.0138917,-0.1436083,0.009850761,0.00300492,0.0027560590000000004,-0.009806884,0.0195102,-0.0002671838,0.0005435228,0.03145034,-1.707886,0.0021094860000000003,0.0,0.0,0.0,0.0
'unknown',0.26,0.03562276,-65.44971,-1.310158,0.09120265,-13.2876,-2.7366189999999997,-8.863392999999999,0.4857611,-1.770375,7.250787,4.247825,-0.5142265,-4.064986,0.05420272,4.216255,-5.233092,-8.567057,-7.4748410000000005,-7.293897,-7.819634,-7.950491,-8.308731,-8.408114999999999,-8.105858,0.330937,0.49028859999999996,0.8152111,1.024152,1.395214,1.5657459999999999,1.88798,2.611103,101.0115,0.6887375,0.0,0.0,0.0,0.0,-0.00714489,-0.16628270000000003,-0.32045949999999995,-0.709125,-0.382711,-0.9128978999999999,0.5767864,0.8247916,-1.35427,-0.9439998,-2.822457,0.1741161,1.532612,0.02189922,0.05068698,2.4957,-0.08929262,-0.09454527,0.02630048,0.04358988,-0.07391,-0.02707214,0.07780437,-0.03684473,0.008169562,0.01088861,-0.0104417,0.0024121760000000003,0.0009140134,-0.01092328,-0.007557058,0.02725062,-3.094459,-0.03984954,0.0,0.0,0.0,0.0
'unknown',0.27,0.02866528,-64.96902,-1.237491,-0.5999478,-13.21366,-3.422111,-8.601319,0.6921294,-0.8710197000000001,7.060772,-0.7947435,0.3445311,1.772216,0.0557398,2.565138,-0.8073347,-8.539795,-7.459082,-7.141802,-7.740797,-7.868256,-8.270263,-8.255754,-8.072315,0.322809,0.4929018,0.7717586,1.041514,1.347108,1.521872,1.7398900000000002,2.535422,96.38962,0.7070429,71.97423,0.0,0.0,0.04863222,0.0038029709999999996,0.32441329999999996,-0.05718065,-0.1971282,0.6041335999999999,0.16300770000000003,1.7368560000000002,1.622356,1.975442,0.4240227,-2.005248,-0.6442143,3.327485,2.162215,-1.049943,1.8848150000000001,0.04320145,-0.07784462,0.08349319,0.05953689,0.04631,0.01790724,0.1208028,0.06111159,-0.004421777,0.01214567,-0.01433583,0.0133045,-0.02045355,-0.008544862,-0.0107199,0.01115088,-3.6975260000000003,-0.1096433,0.0,0.0,0.0,0.0
'unknown',0.28,0.03696463,-64.37225,-1.480397,-0.1347992,-11.337710000000001,-2.470355,-6.6626520000000005,3.8058019999999995,7.6340460000000006,9.86647,-2.438303,-2.3115580000000002,5.688971,7.755704,0.7306673,0.6501992,-8.442763000000001,-7.569571000000001,-6.955845,-7.769833,-7.705494,-8.171052,-8.120138,-7.866211,0.3193873,0.5069049,0.7545679,1.075439,1.319985,1.516883,1.8310540000000002,2.568124,91.76771,0.4788507000000001,71.97423,0.0,0.0,0.04863222,0.003197882,0.5493477,0.47648820000000003,0.6273506999999999,2.1222689999999997,1.913937,1.675532,2.0608169999999997,3.9628400000000004,1.648148,0.5857674,-1.8393700000000002,2.283155,1.9463380000000001,-1.625329,0.6330351,0.21861170000000002,-0.04129391,0.05191417,-0.005538988000000001,0.11677060000000002,0.0854948,0.08211417,0.07437181,-0.02256824,0.002424306,-0.009231138,0.01500447,-0.0326488,-0.009264124,-0.01793113,-0.01451735,-2.914022,-0.1371596,0.0,0.0,0.0,0.0
'unknown',0.29,0.05782351,-63.34911999999999,-0.07121167,1.507266,-7.818604,0.6358018,-2.61084,6.765439999999999,9.98033,12.86514,1.6781669999999997,-3.892546,7.008883999999999,8.12106,-1.078,-2.090122,-7.962985000000001,-7.55801,-6.956689,-7.703442,-7.563250999999999,-8.105374000000001,-7.973863000000001,-7.824153999999999,0.2665656,0.5066897,0.7541943,1.081493,1.265372,1.531067,1.7683419999999999,2.537684,89.75748,0.24383490000000002,0.0,0.0,0.0,0.0,0.004158456,0.3090321,0.5302904,0.3689381,1.5813760000000001,3.065156,1.0866069999999999,1.476659,3.080139,0.6245343000000001,1.149463,-3.311408,-0.14331660000000002,0.1770807,-1.096673,-0.6355875,0.20673870000000003,-0.08190012,-0.01143522,-0.01160836,0.1321569,0.0765688,-0.03245344,0.01440649,-0.02041129,0.0030019490000000003,0.001958555,0.01045154,-0.02616074,0.0013427620000000002,-0.01937451,-0.01196601,-1.527449,-0.07349293,0.0,0.0,0.0,0.0
'unknown',0.3,0.03703305,-63.512919999999994,0.4891433,2.17435,-5.373784,4.804111,-3.480971,7.753189,12.61815,12.58934,5.940207,-7.592536999999999,4.732455,5.753232,-2.08882,-1.426523,-7.762403,-7.631846,-7.126883,-7.866006,-7.519139999999999,-7.9637009999999995,-8.13849,-7.858078999999999,0.2462175,0.4955162,0.7778376,1.079185,1.272838,1.514828,1.784099,2.537385,89.75748,0.23454360000000002,0.0,0.0,0.0,0.0,0.001223022,0.05940666,0.5404804,-0.1758527,-0.07491932,2.28667,-0.9880153,0.02432227,1.150756,-0.7248241,0.18967279999999997,-3.564798,-1.865457,-1.867963,-0.5004558,-1.149384,0.10081649999999999,-0.005678415,0.01811848,-0.01328545,0.1107371,0.04757371,-0.1326519,-0.05721979,-0.003849709,-0.002326566,0.006262642,0.002814543,-0.01160247,0.00031820540000000003,-0.03608661,-0.01160605,-0.40204470000000003,0.06449578,0.0,0.0,0.0,0.0
'unknown',0.31,0.04942335,-63.853530000000006,0.429191,0.09016816,-8.288742,8.266439,-4.759123000000001,6.101732,12.03762,8.822007000000001,0.7633154999999999,-13.572020000000002,1.533892,1.942379,-1.508486,-2.946911,-7.846282,-7.837445,-7.113459,-7.750750999999999,-7.300648,-7.991094,-8.408845,-8.004349000000001,0.2573374,0.5136059000000001,0.7699165,1.091899,1.239878,1.529613,1.666495,2.4909619999999997,89.75748,0.4617318,0.0,0.0,0.0,0.0,0.002403057,-0.07007141,0.3183607,-0.9864225000000001,-1.943434,0.3000241,-2.7055290000000003,-1.373902,-0.4879017,-1.178466,-1.296334,-2.770332,-2.330812,-1.611375,-0.5884274,-2.0573099999999998,-0.05686388,0.10768530000000001,0.12087360000000001,0.02029996,0.1113019,-0.0001285076,-0.1522226,-0.09566779,0.02093511,-0.00511238,0.01017169,-5.191565e-05,0.0031857609999999996,0.005495786999999999,-0.01174133,0.01287544,0.0,0.1343473,0.0,0.0,0.0,0.0
'unknown',0.32,0.04727982,-63.82301,0.9718041,-0.3055136,-11.47723,5.147678,-10.52859,4.2592669999999995,12.35918,8.263914,-1.032513,-15.295810000000001,-0.9008164000000001,1.505227,-1.5563690000000001,-4.668325,-7.997032000000001,-7.458246000000001,-6.786867999999999,-7.8126050000000005,-7.283110000000001,-7.990324,-8.565907000000001,-8.062213,0.30475290000000005,0.49181400000000003,0.7780199999999999,1.084308,1.27472,1.519201,1.701544,2.533455,89.75748,0.6923811,0.0,0.0,0.0,0.0,0.00770991,0.0857029,0.4082348,-1.185003,-2.234321,-1.7897040000000002,-3.199257,-1.641256,-1.881716,-0.34057859999999995,-1.208859,-0.7354243,-1.1016190000000001,-0.897236,-1.064143,-2.271562,-0.09866061,0.2427561,0.1860054,0.05512319,0.09164901,-0.01944556,-0.05892181,-0.11603379999999999,0.02885973,-0.008126944,0.02023728,-0.001372266,0.02009726,0.01990548,0.04027207,0.03540444,0.0,0.1130497,0.0,0.0,0.0,0.0
'unknown',0.33,0.06471541,-63.544430000000006,1.279261,-2.184915,-14.48405,1.9641389999999999,-12.61467,1.6428919999999998,7.670307000000001,9.135518,-1.317142,-13.892570000000001,-1.82854,2.188189,-4.2863620000000004,-10.75577,-8.12999,-7.106383999999999,-6.522329,-7.628642999999999,-7.124757000000001,-8.092706,-8.521268,-8.200426,0.3419735,0.48297890000000004,0.8049615,1.078671,1.28036,1.55636,1.7509130000000002,2.604027,89.75748,0.6866525,0.0,0.0,0.0,0.0,0.0030792140000000003,0.225613,0.24707889999999996,-1.081272,-0.9423779,-2.235131,-2.646731,-1.338617,-1.860098,0.8116106,0.8689933000000001,2.126582,0.12023160000000001,-0.1529105,-1.243617,-1.1479629999999998,-0.09996033,0.26987259999999996,0.1150645,0.05434842,0.06677046,0.04677167,0.04247255,-0.07754774,0.02093372,-0.01124663,0.02903399,0.0011252880000000001,0.0357809,0.02147926,0.09318116,0.04471336,0.0,0.0447174,0.0,0.0,0.0,0.0
'unknown',0.34,0.06793657,-63.23895,2.105282,-2.613123,-13.44774,-0.9932595999999999,-15.549479999999999,1.776329,5.3932269999999995,10.72969,0.9361398000000001,-11.10939,0.9055770000000001,1.144148,-6.020596,-8.879902000000001,-8.113853,-6.783596000000001,-6.492421,-7.651445,-7.14884,-8.010123,-8.376887,-8.34021,0.34819809999999995,0.470195,0.8615014999999999,1.078937,1.353083,1.600982,1.94325,2.657875,89.75748,0.6873316999999999,0.0,0.0,0.0,0.0,0.002044947,0.3335857,-0.08555667,-0.7228182,0.3715529,-0.8528968000000001,-0.3875355,0.47518530000000003,-0.08324847,0.9495732,1.503555,3.196801,0.5853359,0.7011624,0.4501929,0.4147809,-0.03139391,0.08771563,0.03100448,0.07832599,0.03655233,0.1150546,0.0896038,-0.005274868,0.0033760490000000003,-0.0021927979999999997,0.01575677,0.003395033,0.0300512,0.01475031,0.07378627,0.0245244,0.0,0.002726161,0.0,0.0,0.0,0.0
'unknown',0.35,0.05449104,-63.01749,1.0978459999999999,-4.162386,-12.01538,0.16125379999999997,-15.48233,0.6501151,6.220109,11.64717,4.1239550000000005,-5.032322,1.231853,1.358366,-5.494455,-6.580936,-8.287673,-6.825407000000001,-6.68536,-7.559589,-7.033930000000001,-7.747336,-8.290992,-8.253089,0.3402834,0.4681822,0.8733457,1.100211,1.379601,1.596119,2.011548,2.652319,89.75748,0.6878435,0.0,0.0,0.0,0.0,-0.004246007,0.38158759999999997,-0.5159257,0.0031355379999999998,1.1435959999999998,0.8009493000000001,1.3675620000000002,1.226595,2.065156,0.26662399999999997,2.567135,2.710809,-0.6850108,1.175051,1.7455040000000002,0.7149783000000001,0.02977467,-0.07021723,-0.04797096,0.06245818,0.03096809,0.16407470000000002,0.07974491,0.1285366,-0.004088724,0.005584141999999999,0.0021323379999999997,-0.001240122,0.02322171,-0.005292451,0.02226642,-0.002459383,0.0,0.006275726,0.0,0.0,0.0,0.0
'unknown',0.36,0.06261674,-62.41855,0.6347283,-2.930869,-10.8538,1.7846360000000001,-11.03244,7.131583,12.66804,11.75595,3.7647120000000003,-3.7419290000000003,0.4956667,5.425951,1.298642,-4.681839,-8.07516,-7.160156,-6.550330000000001,-7.455502,-7.1457619999999995,-7.5877360000000005,-8.233025999999999,-8.062256,0.3224781,0.4882483,0.8226117000000001,1.090514,1.3753549999999999,1.573073,1.9401580000000003,2.6319310000000002,89.75748,0.7054164,0.0,0.0,0.0,0.0,-0.0028317459999999996,0.3513702,-0.5025153,0.7516925999999999,1.015423,1.3047950000000001,2.2208799999999997,0.8859486999999999,1.9889860000000001,-1.130393,2.142892,0.3945695,-2.36579,0.9714684000000001,0.9097393,-0.8289879000000001,0.1297669,-0.1236305,-0.04131103,0.04426732,0.01636858,0.1013483,0.05472317,0.18874660000000001,-0.004936713,0.009323135,-0.004762924,-0.004647493,0.01116152,-0.007053136999999999,-0.01876453,-0.00849173,0.0,0.006511915,0.0,0.0,0.0,0.0
'unknown',0.37,0.04614529,-62.0467,-0.5650901999999999,-2.010365,-10.063039999999999,4.579937,-8.035388000000001,5.0982389999999995,14.35868,9.955508,10.10425,-4.022248,-5.048639,5.9225449999999995,0.7815386999999999,-9.279912,-8.000463,-7.269189999999999,-6.733229,-7.4143229999999996,-6.971456,-7.4835259999999995,-8.194474000000001,-7.69672,0.33438979999999996,0.5018729999999999,0.835068,1.066683,1.385333,1.543852,1.863791,2.604702,89.75748,0.7089886999999999,0.0,0.0,0.0,0.0,-0.004886924,0.18217809999999998,-0.0157707,1.007317,0.47374859999999996,0.3874032,1.276746,-0.5395141999999999,-0.8600674,-2.331525,1.526057,-0.579615,-2.129179,-0.31805059999999996,-1.099695,-1.773223,0.1454973,-0.01342149,-0.06356607,0.01867108,-0.03057804,-0.007977772,0.03079243,0.1226905,-0.0005503416000000001,0.007588723,0.003588355,-0.007968533,0.02018172,0.01009481,0.01452512,0.002496052,0.3280151,0.005241895,0.0,0.0,0.0,0.0
'unknown',0.38,0.05795072,-61.9675,0.4241737,0.06932875,-9.346793,3.3213739999999996,-8.168553,3.98201,11.26887,5.923559,8.660453,-9.641575,-7.783125999999999,3.7194010000000004,-4.609896,-11.67535,-7.608623,-7.179857000000001,-6.675041,-7.502741,-7.098235000000001,-7.635287,-8.151530000000001,-7.674661,0.3264613,0.4999653,0.8568256,1.0724639999999999,1.406025,1.59185,1.9233060000000002,2.639225,89.75748,0.7093186,0.0,0.0,0.0,0.0,-0.0033856059999999998,-0.0034255979999999998,0.3141348,0.652572,0.12332169999999999,-0.7280276,-0.3989202,-1.439072,-2.977439,-1.5024520000000001,0.003747463,-0.2429935,-0.2676357,-1.483868,-1.762273,-0.9549616,0.06474914,0.09211111,-0.06690808,-0.02445383,-0.07060146,-0.07069788,0.02363415,-0.003036165,-0.0005100994999999999,-0.0016452670000000002,0.00642451,-0.0011631010000000002,0.01152068,0.01943824,0.03028456,-0.01993535,1.074937,0.003810263,0.0,0.0,0.0,0.0
'unknown',0.39,0.03238944,-62.33213000000001,1.12427,-0.625901,-10.400139999999999,1.329901,-10.53054,-0.47266949999999996,2.619357,2.905741,9.306369,-4.980574,-5.274648,0.621388,-8.03866,-11.950289999999999,-7.793455000000001,-6.882664,-6.940835000000001,-7.442614,-7.210584,-7.7634490000000005,-8.177777,-7.833434,0.3355401,0.5002674,0.8741805,1.069393,1.465175,1.637205,2.0926,2.661152,91.39756,0.7121019000000001,0.0,0.0,0.0,0.0,0.0007037677,0.18495060000000002,0.5653347,0.3820308,-0.46290190000000003,-1.795018,-0.42346880000000003,0.3293357,-2.30399,0.2965733,-2.061083,1.618708,3.052165,-1.1685649999999999,0.7492135,0.8691468000000001,0.01531019,0.1446387,0.05568118,0.03622537,-0.12502449999999998,-0.0749711,0.0595643,-0.0628448,-0.0060607130000000006,-0.004075223,-0.0199299,-0.00174315,-0.01114454,0.004136967,0.005488134,-0.04001007,1.9734639999999999,0.007062417,0.0,0.0,0.0,0.0
'unknown',0.4,0.05256664,-62.29296,1.360722,-0.36024029999999996,-10.06864,-0.2304836,-11.77946,2.721677,3.650504,7.768578999999999,4.1823879999999996,-4.477734,-0.7295074,0.6571911,-3.102625,-8.121455000000001,-7.854918,-6.892864,-6.781067,-7.563625,-7.379205000000001,-7.8012630000000005,-8.123203,-8.00908,0.3193525,0.48082479999999994,0.8351780999999999,1.083343,1.393038,1.6235879999999998,1.9771759999999998,2.504029,94.31213000000001,0.7229111999999999,109.7051,0.0,0.0,0.3788301,0.006064491,0.5801773,0.322205,0.41647970000000006,-0.4831486,-1.8268799999999998,0.967306,1.934232,0.20154560000000002,2.035113,-2.4074299999999997,2.517376,4.429987000000001,0.03757991,2.964058,1.725234,0.01852856,0.1212981,0.1594642,0.10706639999999999,-0.09594736,-0.01924095,0.1332907,0.0290791,-0.01071109,-0.002289018,-0.04526014,-0.007404625,-0.04359978,-0.02830482,-0.0703252,-0.08515918,2.3920470000000003,0.004492402,0.0,0.0,0.0,0.0
'unknown',0.41,0.05235616,-60.95921,1.793309,0.11457360000000001,-12.01662,-2.619222,-8.347278999999999,7.375083999999999,6.647914999999999,10.51586,2.037863,1.489372,6.685377000000001,1.610826,3.77397,-6.711127,-7.800764,-6.689493,-6.40181,-7.202754,-7.456092999999999,-7.775392999999999,-7.9108160000000005,-7.843735000000001,0.3076407,0.4910670999999999,0.7462423,1.052527,1.3361040000000002,1.548668,1.864297,2.472249,97.34748,0.7375045,106.4535,0.0,0.0,0.3788301,0.01417013,0.7486259,0.1605096,0.9782079,0.280444,-1.0310489999999999,2.560973,2.3523959999999997,1.471164,2.15985,-2.350301,0.9283082,3.7941199999999995,1.4969,3.197079,1.35419,0.1317615,0.02994413,0.1655699,0.11693030000000001,-0.04251108,-0.006352616,0.17649700000000001,0.1241691,-0.01870327,0.004684263,-0.04748775,-0.009540439,-0.047332,-0.03910666,-0.07898364,-0.05498502,1.9362560000000002,-0.0016357779999999998,-0.13177660000000002,0.0,0.0,0.0
'unknown',0.42,0.07828981,-59.753069999999994,1.700679,1.7814900000000002,-10.9543,-3.838463,-4.423655999999999,9.729295,10.262319999999999,12.29406,0.2575572,-0.2896689,8.3868,3.412582,4.30408,-5.668766000000001,-7.512326,-6.669952,-6.147233,-7.087339,-7.455217,-7.7255199999999995,-7.618557000000001,-7.524114999999999,0.28685559999999993,0.49312029999999996,0.694494,1.043874,1.2525620000000002,1.494594,1.685832,2.30788,98.74276,0.7190793000000001,104.9611,0.0,0.0,0.3788301,0.007772058,0.3325531,-0.15011300000000002,0.6591767,0.9626218000000001,0.5866473000000001,2.0581,-0.4889001,-0.22645059999999997,0.3911235,-1.397629,-1.533618,0.8079303000000001,1.7088900000000002,1.2229459999999999,0.3596606,0.14369379999999998,-0.08030214,-0.03412886,0.04677901,0.07350297,-0.01550088,0.10415070000000001,0.1192208,-0.01446326,0.01325116,-0.009679746999999999,-0.0064346790000000004,-0.01710483,-0.01204035,-0.0007464647,0.003990912,0.5056267,-0.008406525,0.0,0.0,0.0,0.0
'unknown',0.43,0.09037852,-59.858940000000004,1.7568400000000002,3.194273,-8.555097,-2.021357,-1.4035790000000001,7.785500999999999,6.669269,11.44225,-0.48272109999999996,-2.433066,9.137797,6.728192,4.243384,-6.405687,-7.305944,-6.844399,-6.4299029999999995,-7.096106,-7.385134,-7.8330839999999995,-7.5476149999999995,-7.45507,0.2582722,0.5175409000000001,0.7070838,1.041426,1.298753,1.506168,1.8433540000000002,2.484301,98.86353000000001,0.7058389,0.0,0.0,0.0,0.0,0.001483451,-0.4759544,-0.5631276,-0.1594506,1.586609,2.027984,-0.42973540000000005,-3.5316989999999997,-2.075742,-0.7782522,-1.427081,-3.884215,-3.017702,0.46605680000000005,-0.01884215,1.036334,0.05212421,-0.1958531,-0.2440045,-0.13244460000000002,0.145242,-0.01415029,-0.03819351,-0.005686664,-0.0034055559999999997,0.01186545,0.04070721,0.006532741,0.01421602,0.01477802,0.06700716,0.06012518,-1.5020440000000002,-0.004878807,-2.012206,0.0,0.0,0.01135218
'unknown',0.44,0.07241575,-61.180330000000005,0.6283918000000001,1.395793,-6.986296,2.40382,-4.960812000000001,0.07196776,2.507574,9.261004,-1.545466,-10.1846,2.083934,6.642958,2.777398,-6.475872,-7.383858999999999,-7.216921000000001,-6.937664999999999,-7.383055000000001,-7.0471699999999995,-7.849922,-7.78405,-7.607308,0.2717205,0.5338437,0.8063585999999999,1.05672,1.3261889999999998,1.5846360000000002,1.983915,2.517957,96.08224,0.6967114000000001,0.0,0.0,0.0,0.0,-0.01072308,-0.6926891,-0.30311809999999995,-0.2672454,0.8212290999999999,1.253559,-1.9325279999999998,-3.4090879999999997,-1.962951,-1.832532,-0.9916158000000002,-2.593849,-4.479589,-1.572928,-0.3646738,2.1111779999999998,0.02314634,-0.1146647,-0.1995635,-0.168521,0.0378583,-0.01227102,-0.13142879999999998,-0.07472739,0.0061467380000000005,0.00442453,0.04740263,0.02005129,0.03705509,0.03078451,0.10213860000000001,0.09184589,-3.5876059999999996,0.005049902,-1.626644,0.0,0.0,0.01241466
'unknown',0.45,0.06271045,-62.62535,-0.4861853,-0.489831,-6.067575,4.399557,-10.22738,-5.454746,0.14657779999999998,8.141131,-4.196028,-12.98423,-5.251701000000001,2.3259220000000003,4.443101,-1.125904,-7.604375999999999,-7.395274000000001,-7.226616,-7.7171199999999995,-6.9339070000000005,-7.783942999999999,-8.019036999999999,-7.830572,0.2981804,0.5300326,0.8938461,1.078768,1.37037,1.5775370000000002,2.050291,2.667836,91.16752,0.7242945,65.20329,0.0,0.0,0.6342542,-0.00868201,-0.06348991,0.7760892,0.9562937,0.45169899999999996,-0.1006312,-1.64705,-0.7222868,0.8828604999999999,-1.2602520000000001,-1.084978,-0.8213549000000001,-3.915854,-2.0680709999999998,-0.5446411999999999,2.816246,0.21391079999999998,0.1021849,0.07276001,-0.1104316,-0.09713349,0.00689373,-0.11841489999999999,-0.04341984,-0.0001578242,-0.01403306,0.009898472,0.02230606,0.01895887,0.0115113,0.02883538,0.05172119,-4.956594,0.01043305,0.0,0.0,0.0,0.0
'unknown',0.46,0.03850843,-61.83331,1.3066010000000001,2.287315,-8.091911999999999,-0.7811276,-9.674396,-0.6960208000000001,3.708907,4.78196,-2.843868,-7.983331,-6.816397,-2.250921,2.3808529999999997,2.247233,-7.247378,-6.967838,-6.746693,-7.619437,-7.4915389999999995,-7.811445,-8.03999,-7.710000999999999,0.2976351,0.5089971,0.838126,1.125459,1.402028,1.612832,2.0930560000000002,2.6753419999999997,84.65273,0.735101,65.10834,0.0,0.0,0.7078185,0.004464229,1.001184,2.468961,2.8884939999999997,0.6507245,-1.1961389999999998,0.11860819999999998,2.6389810000000002,3.3330660000000005,-0.6627831,-1.158992,0.45732790000000006,-1.317439,-0.43539049999999996,-0.6417516,1.271224,0.5618923000000001,0.35964229999999997,0.3739626,0.04576168,-0.191023,0.005202293,-0.04390354,0.023276,-0.01984851,-0.0261416,-0.04664196,0.01527842,0.004902852,-0.002100789,-0.001825166,0.0324151,-5.106313,0.005918688,0.00036550449999999996,0.0,0.0,0.002675067
'unknown',0.47,0.06392213,-59.8499,5.298181,7.529980999999999,-5.743793,-0.9320392,-7.282037,4.5580620000000005,10.48291,7.380510000000001,-5.25841,-7.640476,-5.991306,0.8347747999999999,1.71845,3.313989,-6.304631,-6.458016000000001,-6.161589,-7.530073,-7.648617,-7.817854,-8.01172,-7.620823,0.2445257,0.45979890000000007,0.7406924,1.118587,1.3556270000000001,1.549626,1.9329599999999998,2.664215,79.79531,0.7388093000000001,65.22303000000001,0.01915356,0.0,0.7813829000000001,0.01780437,1.831863,3.70896,3.724761,1.337474,-0.49019229999999997,1.086462,3.012228,3.316262,-0.007395458000000001,-1.8749,-1.176347,0.6824149,1.738805,-0.4004076,-1.5144520000000001,0.8644562,0.5123489,0.504191,0.1780904,-0.06482897,0.007097626,0.01784887,0.03951621,-0.03516997,-0.03116284,-0.06714035,-0.0076105240000000005,-0.01617506,0.004694986,-0.008152318,0.004481149,-3.501525,-0.0010736230000000001,0.5928078,0.0,0.0,0.009054076999999999
'unknown',0.48,0.09413105,-57.56213,10.081010000000001,11.82836,-3.894565,-0.9110754000000001,-5.840441,8.260468,14.00474,6.3274,-6.809235,-10.56984,-4.1334610000000005,5.211579,0.9309651,-2.339699,-5.22427,-5.887339,-5.600366999999999,-7.24777,-7.6449300000000004,-7.806955,-8.007227,-7.595802000000001,0.1993053,0.4382525,0.6497257,1.1132030000000002,1.358075,1.588087,2.033455,2.681844,76.23679,0.7190474,65.56121999999999,0.01915356,0.0,0.8549473,0.02407843,1.7749409999999999,3.4889050000000004,2.773982,1.950564,0.37966609999999995,-0.02616429,0.8441037,1.321784,0.18252379999999999,-3.013282,-2.937405,1.3142209999999999,2.4023060000000003,0.5801596,-3.023966,0.8174884,0.49301359999999994,0.4041324,0.1728605,0.1276381,0.04517784,0.04355145,-0.01507492,-0.02760308,-0.02382287,-0.04305184,-0.01720996,-0.01498151,0.02148293,0.0309797,0.007288885,-0.5604507,0.0026489440000000003,1.180397,0.0,0.0,0.004839762
'unknown',0.49,0.123921,-55.60163000000001,13.67141,13.36345,-1.47888,2.013569,-6.712046000000001,5.128149,11.57998,7.331434,-11.58785,-17.57272,-3.181094,7.288696000000001,3.166007,-6.4046970000000005,-4.293648999999999,-5.373779,-5.278824,-7.012500999999999,-7.181356,-7.7507,-7.946175,-7.69009,0.1714955,0.4095908,0.6523445,1.046843,1.311472,1.613385,2.03933,2.686991,77.86787,0.7269532,82.76109,0.01915356,0.0,0.8549473,0.01436636,1.318383,2.371905,1.20851,1.183592,-0.4195306,-0.7224894000000001,-0.43028549999999993,-0.5062177999999999,-0.5939906,-2.396055,-1.7521380000000002,1.704721,1.391376,1.525534,-2.799538,0.5131254,0.41246499999999997,0.2813739,0.1729123,0.1472373,0.07276221,0.0745668,-0.02186227,-0.00648191,-0.01112639,-0.01157685,-0.01387516,0.005091012,0.04106543,0.07197492,0.01118412,2.732987,0.01133542,1.5571979999999999,0.00573565,0.0,-0.003881533
'unknown',0.5,0.1289011,-55.08274,14.56451,13.24049,-0.4715485,-0.3556012,-10.09021,3.2394540000000003,9.769294,5.719117,-14.745560000000001,-17.70424,-1.6504,6.533647,4.557873000000001,-8.013253,-4.165426999999999,-5.0448889999999995,-5.167413,-7.01392,-7.0869789999999995,-7.619133000000001,-7.8550059999999995,-7.750742,0.1961348,0.41498690000000005,0.6670408,1.075281,1.349199,1.688368,2.19477,2.700398,82.8142,0.7542738,97.6532,0.01915356,0.0,0.8549473,0.0046099620000000004,0.7207695,1.1893989999999999,-0.09273472,0.18047939999999998,-1.0911110000000002,-0.652302,-1.307018,-0.8987038,-1.134375,-2.1627509999999996,0.8532407,2.0658220000000003,0.8960377,2.106323,-0.4861116,0.1665469,0.3147322,0.171519,0.15946770000000002,0.09954958,0.0701528,0.06322012,-0.0009429932000000001,0.00987169,-0.003686434,0.001499105,-0.007081938,0.01098859,0.02038551,0.05172267,0.006734085,4.994297,0.01962632,1.2269,0.01220955,0.0,-0.01180067
'unknown',0.51,0.11836889999999999,-54.49768,14.91596,12.86647,-1.537341,-3.30743,-8.769598,4.917141,10.06954,4.714698,-13.270520000000001,-12.833969999999999,1.290769,7.1306210000000005,7.532665,-7.846925,-4.268425,-4.816916,-4.971196,-6.782436,-7.191406,-7.547953999999999,-7.714996000000001,-7.652664,0.2137014,0.41579979999999994,0.6741505999999999,1.068172,1.38552,1.7048130000000001,2.212177,2.710858,90.17154000000001,0.7778732,112.2436,0.2657865,0.0,0.6047731,-0.004006572,0.40602259999999996,0.5696977,-0.6416329000000001,-0.5328507,-1.0647790000000001,1.007436,-0.7205351999999999,-0.60787,-2.118051,-1.533511,3.209384,3.131297,1.294645,1.6904869999999999,0.4374510999999999,-0.01020279,0.21827449999999998,0.10327339999999999,0.2443415,0.02723126,0.04695153,0.0489357,0.04038062,0.009054673000000001,0.002403042,-0.005416179,-0.004760337,0.01269363,-0.002651691,0.03415315,0.0019347670000000002,5.382761,0.01384092,0.5899238,0.01700917,0.0,-0.01654044
'unknown',0.52,0.11995689999999999,-54.510259999999995,15.405729999999998,11.61318,-2.9629369999999997,-3.7061309999999996,-8.073174,1.8308849999999999,10.26644,1.9638939999999998,-16.78165,-8.673013000000001,3.95972,9.770805000000001,9.279247999999999,-4.049143,-4.404148,-4.592109,-4.896586,-6.5654639999999995,-7.142157000000001,-7.557564,-7.806715,-7.61923,0.22756079999999998,0.4167159000000001,0.6463181,1.067129,1.375993,1.6443,2.205645,2.7035810000000002,95.05643,0.791719,109.7112,0.5124194999999999,0.7253603,0.354599,-0.01008552,0.5933811,0.1330492,-0.6982847,-0.32349490000000003,0.6313963,2.603738,-1.3048790000000001,-1.117776,-2.092499,-1.337392,2.403433,3.7261519999999995,1.416642,0.5952407,0.6113357,0.03240085,0.1414641,0.01159759,0.29613459999999997,0.1263067,0.04086227,0.09820557,0.1183237,-0.0026311959999999997,0.00038094519999999995,-0.00710541,-0.01031996,-0.0028133629999999997,-0.01716647,0.003976011,-0.003949666,4.614935,0.0008782625,0.1834489,0.01187137,0.0,-0.0149649
'unknown',0.53,0.1083603,-53.85776,16.09929,10.96894,-2.897439,-1.635062,-2.683383,2.2297580000000004,8.292053,-1.38121,-18.23736,-6.041405,9.670328999999999,12.14334,9.257752,-6.199497,-4.225303,-4.508796,-4.897871,-6.015022,-7.0176110000000005,-7.546727000000001,-7.725641,-7.553942999999999,0.2010559,0.4207415,0.6356248999999999,1.027117,1.361543,1.62216,2.2046580000000002,2.695074,98.66055,0.7774352,109.4729,0.7590525,0.7253603,0.1044248,-0.002113473,1.039376,-0.9333555,-0.7907439,0.3339915,2.2221330000000004,3.7683400000000002,-1.195111,-1.460782,-1.974476,-0.432871,1.29367,3.099958,0.05776625,-0.8816999,0.20498539999999998,0.07132988,-0.01346569,-0.07578616,0.3056813,0.2537003,0.1294563,0.2292034,0.2645991,-0.01113442,0.006082097,0.0037026409999999996,-0.006352305,-0.008292437,-0.01685946,-0.008516026,-0.008334184,3.432529,-0.01113971,-0.008134937,0.0008301245,-0.000450841,-0.008879636
'unknown',0.54,0.08347786,-52.4358,14.63809,10.69783,-1.408974,1.965196,-0.11462889999999999,-1.9412509999999998,5.069155,-1.6954259999999999,-18.9491,-9.083357000000001,12.79058,11.1105,6.671533,-5.780289,-4.024984,-4.4916279999999995,-5.146088,-5.9169540000000005,-6.542343,-7.415435,-7.358655000000001,-7.2084850000000005,0.18930160000000001,0.4144208,0.6507765999999999,1.044208,1.347121,1.643862,2.21841,2.688542,101.6444,0.7588841,110.5958,0.5500953000000001,0.6590866999999999,0.08750793,0.00594872,1.796859,-3.256683,-0.5944618,0.5699951,2.338971,5.482022,1.026103,-0.7596297,-0.6374312,3.3990339999999994,1.401426,0.3386821,-1.7524650000000002,-2.399655,0.7276791,0.01677909,-0.2349391,-0.11251760000000001,0.27351440000000005,0.2933583,0.32260479999999997,0.5164882000000001,0.6069757,-0.01216194,0.01699214,0.02047967,-0.0009154558,0.00129286,-0.0075627690000000004,-0.03802638,-0.01148961,2.63178,-0.01938089,0.03963052,-0.008103414,-0.0065409859999999995,-0.003861527
'unknown',0.55,0.12604110000000002,-50.338029999999996,10.633,9.370421,-0.6443648,4.9675720000000005,6.092827,0.8276565999999999,5.364272,-3.3280190000000003,-14.35115,-6.160448000000001,12.37513,6.749608,4.4280230000000005,-5.956425,-4.101358,-4.934483999999999,-5.225376,-5.578285,-6.222811,-6.971736999999999,-6.793009,-6.5350410000000005,0.1771589,0.44735779999999997,0.6904346,1.047871,1.358494,1.620735,2.163214,2.676707,104.0402,0.7385921,111.2277,0.30754770000000003,0.4522742,0.06346624,0.02823741,2.4325200000000002,-5.937753,-0.27537740000000005,0.25819549999999997,2.268432,6.36571,3.043895,-0.1664437,1.413543,6.044082,2.730867,-3.08797,-2.403568,-3.5039809999999996,1.621672,-0.1238884,-0.45758370000000004,-0.1356622,0.24191039999999997,0.3143218,0.5080447,0.7800369,0.9579099,-0.00805442,0.0348143,0.0347571,0.0034836529999999997,0.0106955,-0.01455202,-0.07562635,-0.01233187,1.8669240000000002,-0.02324859,0.007797153,-0.0026913790000000003,-0.0019620320000000003,-0.00025296009999999997
'unknown',0.56,0.14086010000000002,-47.28583,1.855462,9.440128999999999,-1.239499,4.687404,14.94883,7.662451,7.932180000000001,-0.24985770000000002,-1.729581,-1.606362,4.300730000000001,3.705347,-0.3041624,-0.5322832,-4.382225,-5.55396,-5.295422,-5.41626,-6.072765,-6.232035,-5.69059,-5.093803,0.17869960000000001,0.48836840000000004,0.7213116,1.052175,1.383982,1.607199,2.036235,2.6553169999999997,105.5255,0.7142361,111.9447,0.08179532,0.3157311,0.04298695,0.03382824,2.862761,-7.734358,0.12479749999999999,-0.2805816,1.931136,5.535674,3.338064,0.1820693,4.0616389999999996,7.35612,4.344615,-4.953931,-1.477193,-3.9170879999999997,1.606251,-0.26009720000000003,-0.5105926,-0.149654,0.24541929999999998,0.3574412,0.6223741,0.9465021,1.185762,-0.003618732,0.04834116,0.04930687,0.003848433,0.02099719,-0.01148702,-0.08419152,-0.009506512,1.083485,-0.02622094,0.0,0.0,0.0,0.0
'unknown',0.57,0.2208562,-44.27015,-7.198162,10.22091,-1.6911990000000001,8.345993,21.61344,12.64738,6.028322,4.963722,3.3732919999999997,3.874435,-1.524597,3.828075,-4.774303,-0.7151396,-4.666124,-6.265549,-5.501515,-5.055817,-5.68079,-5.598203,-4.659489,-3.8217339999999997,0.1660848,0.5578392,0.7741429,1.0405520000000001,1.39659,1.567731,1.917614,2.650028,106.0546,0.6835163000000001,0.0,0.0,0.0,0.0,0.0212383,2.780169,-8.100582000000001,-0.111881,-0.8688814,2.110199,1.774588,0.3547511,-0.9926591999999999,4.765408,4.9476569999999995,3.492574,-3.842543,-0.9053108,-3.660504,0.5607076999999999,-0.4157102,-0.40588209999999997,-0.1947448,0.20303829999999998,0.4788443,0.6134546,0.9091715,1.139505,0.01747688,0.05656623,0.06700648,0.02017784,0.02822931,0.00672996,-0.03495239,0.0006474018,0.4557877,-0.02623327,0.0,0.0,0.0,0.0
'unknown',0.58,0.2052115,-41.15594,-15.118120000000001,10.89657,-2.288465,9.931666,19.80343,8.839205999999999,5.647476,14.4669,8.969275,7.622275999999999,-5.029209,5.185294,-8.312746,-0.3696773,-5.043087,-6.379059,-5.756288,-4.951092,-5.026147,-4.9903319999999995,-3.692905,-2.63633,0.176745,0.6008859000000001,0.8554568000000001,1.06711,1.433059,1.612929,1.920252,2.6543490000000003,106.0546,0.6553173000000001,0.0,0.0,0.0,0.0,-0.0046801429999999995,2.2432630000000002,-6.920311999999999,-0.9997123,-1.335258,1.5449959999999998,-2.28248,-3.1064279999999997,-1.2915299999999998,2.5544919999999998,1.859072,1.946013,-0.7269547,-2.1096939999999997,-2.00421,-1.105685,-0.5481665,-0.21854339999999997,-0.18086670000000002,0.1775465,0.5190161,0.5389573000000001,0.7055024999999999,0.8836997999999999,0.0434862,0.05745155,0.07342243,0.041692,0.02757717,0.0192481,0.02168906,0.00694828,0.10581969999999999,-0.02073232,0.0,0.0,0.0,0.0
'unknown',0.59,0.2000569,-39.50213,-21.38312,8.082794999999999,-4.464289,12.89644,12.53846,2.013035,1.5433270000000001,13.14064,5.037703,6.688102000000001,-2.172616,1.4830809999999999,-9.870204,-3.2341900000000003,-5.8494779999999995,-6.5513449999999995,-5.968667,-4.795678,-4.3518989999999995,-4.525316,-3.245995,-2.066252,0.26552059999999994,0.6739301999999999,0.9583944999999999,1.141292,1.4751020000000001,1.65152,2.0464439999999997,2.680427,106.0546,0.6368851,0.0,0.0,0.0,0.0,-0.03107867,1.320003,-5.507801000000001,-1.193576,-1.9578669999999998,-0.07736826,-5.2130529999999995,-4.57558,-1.27606,-0.8159927,0.4037443,-0.6657036999999999,2.110594,-3.7808059999999997,0.6117414000000001,-1.013929,-0.6323842,-0.08940744,-0.154447,0.0428309,0.35282529999999995,0.40537340000000005,0.4592852,0.6131185,0.05963648,0.04396109,0.05577058,0.05093963,0.01195223,0.01585751,0.01916279,-0.007090068000000001,0.0,-0.01052968,0.0,0.0,0.0,0.0
'unknown',0.6,0.127859,-38.453520000000005,-25.65362,5.510623000000001,-6.529243,10.13716,8.073915,-2.552517,3.717027,8.43414,6.733574000000001,6.716869,0.9899659,-5.670626,-7.777260000000001,-4.801183999999999,-6.53138,-6.503779,-5.966179,-4.658597,-4.14213,-4.073691999999999,-2.869825,-1.553045,0.3464127,0.7175806,0.9962979999999999,1.210265,1.4826110000000001,1.661545,2.0802650000000003,2.674858,106.0546,0.6338901,0.0,0.0,0.0,0.0,-0.02396283,-0.10830230000000002,-3.41236,-0.38271740000000004,-2.0165919999999997,-1.021092,-5.332323000000001,-3.4084269999999997,-0.7976084,-1.606473,0.002720308,-2.880544,3.836704,-3.815439,3.2983839999999995,-0.45182700000000003,-0.5866705,-0.0888629,-0.16512770000000002,-0.15450260000000002,0.04871063,0.1234631,0.14669690000000002,0.23798429999999998,0.04087714,0.01497656,0.01930912,0.02871752,-0.02096039,-0.0113392,-0.0447739,-0.0267467,0.0,0.0006376207,0.0,0.0,0.0,0.0
'unknown',0.61,0.10413910000000001,-39.02134,-29.46942,6.946003,-9.360147,7.8564050000000005,1.412936,-4.534657,0.6132486,3.9001379999999997,6.509863,0.9986208000000001,6.0187870000000006,-9.647992,-1.983339,-3.569033,-7.083899000000001,-6.650225999999999,-6.168804,-4.987908999999999,-4.3586730000000005,-4.029656,-2.774603,-1.297784,0.37943340000000003,0.7192972,0.9825752000000001,1.223673,1.431575,1.622711,1.9334209999999998,2.604323,106.0546,0.6415814999999999,0.0,0.0,0.0,0.0,-0.01330892,-1.882394,-0.5285103,0.6860056999999999,-1.693625,-1.469825,-4.475845,-1.323009,0.2128081,0.1323931,0.0830247,-3.5829989999999996,3.9992589999999995,-1.377392,4.075732,1.017975,-0.44841759999999997,-0.11517329999999999,-0.20619320000000002,-0.41057079999999996,-0.28280500000000003,-0.2506133,-0.2639031,-0.24444789999999997,0.00481455,-0.01882082,-0.01046007,-0.004438377,-0.04311874,-0.02403119,-0.09355181,-0.03511994,0.0,-0.03589898,0.0,0.0,0.0,0.0
'unknown',0.62,0.13335629999999998,-41.93785,-28.136770000000002,9.551381,-9.923494999999999,7.34622,-1.295417,-4.929087,2.124474,11.054789999999999,8.246796,-3.9357029999999997,10.05861,-8.326362,4.235741,-2.46139,-7.359228999999999,-6.773933,-6.481858,-5.627489,-4.7792069999999995,-4.620846,-3.195116,-1.8306419999999999,0.32417429999999997,0.6530852,0.9399120000000001,1.169507,1.350021,1.570637,1.752894,2.558668,106.0546,0.6561571999999999,0.0,0.0,0.0,0.0,-0.001212107,-3.7383309999999996,2.770167,0.192358,-0.8427823,-0.7813603,-2.9999830000000003,0.02096221,1.169499,2.175453,-0.5202314,-1.8208799999999998,3.045434,1.546422,2.4539880000000003,0.9069193000000001,-0.3470866,-0.1733377,-0.2667111,-0.5753175,-0.4778911,-0.6080164,-0.7397935,-0.8358706,-0.01974638,-0.03877189,-0.02718148,-0.02491093,-0.04113992,-0.02487168,-0.08737715,-0.05774999,0.6640060999999999,-0.05275816,0.0,0.0,0.0,0.0
'unknown',0.63,0.1307636,-47.17194,-22.78409,9.492444,-11.235289999999999,6.942783,-5.156095,-3.4137269999999997,3.4036449999999996,12.492280000000001,4.6962150000000005,-5.9006050000000005,13.28936,-4.076012,4.501956,0.6857882,-7.677641,-6.992135,-6.7417929999999995,-6.364086,-5.447385,-5.504805,-4.402864,-3.149693,0.3007125,0.6120738,0.9342870999999999,1.1394799999999998,1.325804,1.576818,1.74237,2.562923,106.0546,0.4462566,0.0,0.0,0.0,0.0,-0.005511708000000001,-4.657755,5.649198999999999,-1.331061,0.004079056,-0.3254103,-0.8822152,-0.0150074,2.301939,2.369694,-2.072209,0.4114718,0.3604058,2.7576709999999998,0.9197097,1.222693,-0.1914524,-0.1495362,-0.18974029999999997,-0.5428008000000001,-0.5006355,-0.7892498,-1.0583360000000002,-1.244052,-0.01933014,-0.04055,-0.0267745,-0.02345688,-0.02425009,-0.01388435,-0.0154869,-0.04645748,0.8409110999999999,-0.05046534,0.0,0.0,0.0,0.0
'unknown',0.64,0.1084862,-53.069869999999995,-15.145439999999999,5.199192,-9.805583,6.68717,-3.6414839999999997,-3.008171,8.169326,15.015329999999999,5.0392410000000005,1.062082,12.58185,-0.7245052,1.250033,-2.393998,-7.969942,-7.1995130000000005,-7.01324,-6.847097,-5.98723,-6.3762,-5.754662000000001,-4.806444,0.28704120000000005,0.5773329,0.8845347,1.127807,1.329797,1.560133,1.738905,2.4068080000000003,109.3746,0.46776179999999995,0.0,0.0,0.0,0.0,-0.008403971,-3.895512,7.31998,-1.626742,1.197711,-0.2055966,0.04110246,-0.9928488000000001,2.015603,1.178207,-3.5502769999999995,0.8873211,-2.8632299999999997,1.9197560000000002,0.5602983,1.3842020000000002,0.17228670000000001,0.05363083,0.008841276,-0.38581079999999995,-0.3905741,-0.7106984000000001,-1.044751,-1.26558,-0.01409529,-0.0385005,-0.03525596,-0.01714375,-0.01679111,-0.009934557,0.01925106,-0.04700124,-0.1548813,0.01767448,0.0,0.0,0.0,0.0
'unknown',0.65,0.08901557,-56.74411,-7.719084,2.46679,-9.398707,6.558878,-1.8251060000000001,-5.570151999999999,9.100516,13.76834,-2.247407,0.5570871999999999,6.559197999999999,0.3394368,4.108064,2.5107369999999998,-7.735803999999999,-7.185117,-6.851814,-7.092109,-6.257839,-7.098228,-6.786509,-6.030145,0.30134920000000004,0.5544234,0.8763914,1.127238,1.3204360000000002,1.558541,1.8629810000000002,2.447965,108.5991,0.4834526,106.3817,0.0,0.0,0.0,-0.00759725,-1.869217,7.777284,0.23485749999999997,3.0194650000000003,-0.2454007,1.0698450000000002,-1.385964,0.8084389,0.7660583000000001,-4.985,-1.38626,-4.816679,0.05044116,1.049159,1.315572,0.7281973,0.344629,0.22430830000000002,-0.21112779999999998,-0.23262449999999998,-0.5040297,-0.6835128,-0.9429749,-0.02153585,-0.05187649,-0.05140904,-0.0229615,-0.02569983,-0.01858955,0.009850156,-0.0101666,-3.040824,0.08184888,0.0,0.0,0.0,0.0
'unknown',0.66,0.1122105,-56.62931999999999,0.930625,4.930498,-4.853232,6.510189,-2.755399,-8.815118,9.354053,16.3078,-6.032776,-2.727944,-0.8924585999999999,-0.935306,7.234178999999999,3.547143,-6.468714,-6.409288,-6.3826410000000005,-7.192531,-6.3268510000000004,-7.377627,-7.227047,-6.718314,0.25337960000000004,0.48940790000000006,0.7925800999999999,1.089909,1.268749,1.530103,1.7888439999999999,2.3811400000000003,104.0079,0.7259316,90.23425999999999,0.0,0.0,1.0,0.01627356,-0.03437424,7.022477,2.3816479999999998,4.169549,-0.4165253,0.8533586999999999,-0.1338946,-0.2559942,0.04855881,-4.290366000000001,-2.522967,-3.6930949999999996,-1.4910370000000002,0.1833759,0.2675224,1.080809,0.5273855,0.30908459999999993,-0.09559326,-0.1706161,-0.2587871,-0.3117526,-0.5643588,-0.03525126,-0.05480339,-0.05959728,-0.02441655,-0.02632916,-0.01653558,0.007659506999999999,0.03240221,-5.950408,0.02779114,-0.250114,0.0,0.0,0.0
'unknown',0.67,0.09091527,-54.7383,8.06429,10.80108,1.385858,5.80427,-0.24991390000000002,-7.4400710000000005,6.853475,15.67634,-14.692770000000001,-10.93689,-4.056883,-3.718406,6.755679,4.2930779999999995,-4.787269,-5.664102,-5.935551,-7.247008,-6.440697,-7.52424,-7.084236,-6.908632000000001,0.2098641,0.3966539,0.7232192,1.043621,1.227829,1.498885,1.7666520000000001,2.524924,93.53384,0.7264161,62.11155,0.0,0.0,0.8663824,0.02999413,1.070159,4.969609999999999,2.174002,4.3119190000000005,-0.6267195,0.9724914000000001,1.832561,0.3872914,-0.4527423,-2.037993,-0.7308256999999999,-0.3986572,-2.399778,-2.2179279999999997,-1.56186,0.9815359,0.48703290000000005,0.27187340000000004,0.05089955,-0.0532475,0.0357481,0.009288264000000001,-0.2348089,-0.03624411,-0.04444387,-0.0523165,-0.01621594,-0.01392049,-0.0184353,-0.003883839,0.03730946,-6.559867999999999,-0.02215038,-0.1713551,0.0,0.0,-0.001119701
'unknown',0.68,0.18890420000000002,-54.24465,12.07526,12.94029,5.649879,4.981847,-0.1622864,-2.742684,8.012876,14.304120000000001,-10.1899,-5.8057620000000005,-0.5755879,-6.15077,0.8431045,-1.947557,-4.040163,-5.323093,-5.925949,-7.247614,-6.748881,-7.457128999999999,-7.164561999999999,-7.188994999999999,0.1565275,0.3822006,0.6631343000000001,1.047533,1.2444549999999999,1.507283,1.8253669999999997,2.5303400000000003,87.15525,0.4852357,59.733059999999995,0.02345696,0.0,0.7995736,0.04418701,1.380858,2.392087,-0.32020490000000007,2.376575,-0.6311418000000001,0.9343581,3.121971,1.488332,-1.7407970000000001,-0.4540192,1.532007,2.057891,-2.507763,-3.287707,-2.2326740000000003,0.5209952999999999,0.2722617,0.24712849999999997,0.2598646,0.10499510000000001,0.2846165,0.14934679999999997,-0.03895058,-0.01890174,-0.0072024640000000004,-0.01623007,0.004224884,0.0064784759999999995,-0.007337785,0.01955271,0.03554218,-5.021387,-0.06952132,-0.1116838,0.0,0.0,-0.01019827
'unknown',0.69,0.2006394,-52.58565,11.55665,9.331907000000001,6.909336,4.189451999999999,1.740795,0.5564389,11.70756,12.50646,-10.35881,-1.558133,4.407477,-9.05172,-3.786039,-2.551213,-4.0424,-5.29305,-5.7207930000000005,-6.81007,-6.313061,-6.879736,-6.771310000000001,-6.9688490000000005,0.1685547,0.38580770000000003,0.6795318,1.0673469999999998,1.262981,1.477774,1.8253,2.559913,84.22614,0.4930486,0.0,0.0,0.0,0.0,0.03804919,2.1371729999999998,0.9854576999999999,-3.3216900000000003,-0.3008584,-0.6192095000000001,0.6545204000000001,2.315794,2.329952,-1.740519,-0.9929406999999999,2.915993,2.219557,-1.8943299999999998,-2.5800799999999997,-1.4577959999999999,0.1909929,0.2482073,0.43570410000000004,0.5812189,0.41327079999999994,0.5451140999999999,0.2472117,0.12780350000000001,-0.0040984440000000006,0.02021057,0.008075476,0.01446638,0.01216209,-0.01037436,-0.0145026,-0.01595979,-2.677753,0.004055643,0.2619384,0.0,0.0,-0.01116924
'unknown',0.7,0.2782835,-50.801359999999995,11.14488,4.064058999999999,4.267903,4.1618900000000005,0.9210371999999999,2.796481,14.368670000000002,9.18875,-10.46985,0.2427104,5.164817,-10.80746,-3.933497,-4.194083999999999,-4.236172,-5.233505,-5.254377,-6.111676999999999,-5.865694,-6.276796,-6.636775999999999,-6.882958,0.1795255,0.45881869999999997,0.7332735,1.099171,1.283565,1.50397,1.8572830000000002,2.541357,83.55484,0.49500879999999997,80.01519,0.0,0.0,0.0464619,0.02481918,2.802336,0.7914718000000001,-4.461423,-2.2734099999999997,-0.3226397,0.7913347,1.090626,1.877027,-1.071971,-3.9617980000000004,1.4489940000000001,0.8935626,-0.910898,-0.9109724,-0.4549863,0.1545044,0.31221609999999994,0.6468311,0.7866104,0.6278256,0.6299013000000001,0.29135029999999995,0.23049940000000002,0.007122165,0.02785916,0.01666754,0.01212777,0.004670608,0.0002234936,-0.01244981,-0.0218874,-1.494545,0.07583282,0.176348,0.0007039692,0.0,-0.004126345
'unknown',0.71,0.23647159999999998,-45.77408,13.45677,-1.3692549999999999,0.5725543000000001,3.118201,2.481026,1.369316,15.325339999999999,9.531432,-19.5175,0.6188384,4.1707019999999995,-10.86171,-3.756419,-1.872638,-3.7343,-4.467859,-4.092817,-4.908882,-4.815937,-5.388836,-6.112071,-6.422633,0.1778728,0.45939769999999996,0.728527,1.090134,1.269084,1.4486700000000001,1.6781810000000001,2.439616,81.94527,0.7418078,77.11657,0.0,0.0,0.1427683,0.02282578,2.531441,1.028354,-4.259059,-2.9807770000000002,0.4515947,0.1935051,0.2984236,0.6177751,0.03020363,-4.870204,1.036518,-0.08807564,-0.41917609999999994,-0.1348219,-0.05360308,0.1408906,0.3216093,0.6301218000000001,0.7395217,0.6191059,0.5458797,0.18782639999999998,0.1546126,0.01403129,0.02552994,0.01108977,0.01140878,0.001040292,0.01385287,0.03052142,-0.001135016,-1.1172799999999998,0.02495211,-0.01218647,0.0,0.0,0.001525633
'unknown',0.72,0.295084,-43.63875,15.08256,-4.01625,-2.548778,3.9042739999999996,3.424272,2.304007,15.589120000000001,10.43178,-25.41955,0.3507249,4.010612,-9.800266,-3.726568,-4.561776,-3.4216910000000005,-4.174608,-3.505782,-4.265156,-4.358315,-5.053072,-6.0374300000000005,-6.309606,0.1874792,0.4847014,0.7219744,1.096778,1.264757,1.522953,1.8366779999999998,2.481051,80.82296,0.7400201999999999,77.45603,0.0956138,0.0,0.3683706,-0.0016178120000000002,1.312333,0.7435510000000001,-2.6213349999999997,-2.161554,1.2500879999999999,-0.8645360999999999,-0.32667490000000005,-0.8801234,-0.0524087,-4.143777,0.7563353,0.30762490000000003,-0.5786237,-0.5981399000000001,-0.20930349999999998,0.07984214,0.193175,0.3223841,0.4239692,0.4137843,0.3184767,0.03030295,0.008306647,0.02592212,0.01554443,0.008019025,0.01379029,0.003585792,0.03001541,0.0948927,0.04339616,-1.2063979999999999,-0.02530751,-0.004005144,0.0,0.0,0.00181482
'unknown',0.73,0.306368,-43.50975,14.729579999999999,-7.923233,-4.5862110000000005,6.576233,1.456703,2.294794,14.18621,12.035960000000001,-27.23498,3.5704519999999995,4.544201,-11.6512,-4.563613,-2.635382,-3.745187,-4.214453,-3.444482,-4.035722,-3.971221,-4.7622,-6.131851,-6.482462,0.23473429999999998,0.500516,0.7406301,1.1255870000000001,1.277586,1.537547,1.9882099999999998,2.58439,80.00568,0.4953035,76.26748,0.0956138,0.03026306,0.5293249,-0.02616885,-0.6040081,-0.03484087,-0.5890316999999999,-0.7471190999999999,2.637875,-1.7286860000000002,-0.711426,-1.3315649999999999,-0.2986875,-0.7020397,0.04127109,0.38409340000000003,-0.6002448,-0.8823498,-0.1749426,-0.08379588,-0.1026553,-0.1520819,-0.03385534,0.07696219,0.01510878,-0.2242304,-0.2021662,0.02151201,0.006315487,0.01234826,0.007806003000000001,0.0013562560000000001,0.01597533,0.08648799,0.003027964,-1.417526,-0.07779769,-0.1314285,0.0,0.0,0.0
'unknown',0.74,0.2352462,-45.37186,14.22623,-5.7656279999999995,-3.9604839999999997,8.683316,-2.889482,0.7003676999999999,10.53761,7.67444,-27.33,2.54858,6.516192,-13.30584,-6.520599,-4.85923,-3.831517,-4.3943330000000005,-3.966624,-4.428411,-4.219130000000001,-4.997731,-6.475371,-6.81151,0.2807054,0.5159817,0.7673171,1.150396,1.297243,1.609608,2.176732,2.6859509999999998,78.49265,0.49172340000000003,0.0,0.0,0.0,0.0,-0.0443967,-1.727526,-0.5628145999999999,0.7801829,0.3236583,3.003361,-1.0331190000000001,-0.9485496999999999,-0.333005,-0.3142532,1.454008,-1.357917,-0.3032678,0.1969612,-0.8332226999999999,0.2847582,-0.1728444,-0.3048282,-0.3966146,-0.3190515,-0.13889300000000002,-0.1963571,-0.3490459,-0.26595240000000003,0.00793997,-0.00537374,0.006302505999999999,-0.005828786,-0.006266939,-0.01524204,-0.01243167,-0.05903108,-2.071262,-0.00738247,-0.2017794,0.0,0.0,0.0
'unknown',0.75,0.13554620000000003,-47.92757,13.710729999999998,-3.439725,-2.457188,13.91805,-3.005525,-1.385994,11.19327,9.416665,-22.072470000000003,-0.27373379999999997,4.83838,-12.11015,-6.771152000000001,-2.598624,-3.9483660000000005,-4.871273,-4.6228050000000005,-4.996531,-4.500719,-5.3409629999999995,-7.014252000000001,-7.182511999999999,0.2388198,0.47533500000000006,0.767597,1.102355,1.259622,1.485219,1.940594,2.352306,76.0228,0.4769677,62.85658000000001,0.0,0.0,0.0,-0.03186903,-2.1326959999999997,-0.7340848000000001,1.3437569999999999,1.1616549999999999,3.4905800000000005,1.265549,-0.04509883,1.7380200000000001,0.8101428,2.723938,-2.6295580000000003,-0.6879488,2.251089,0.10971289999999999,-0.1742171,-0.1548329,-0.4710692,-0.447776,-0.4083184,-0.22690589999999997,-0.3074417,-0.3776585,-0.24441390000000002,-0.01571666,-0.007857117,-0.001003164,-0.0172966,-0.01900433,-0.02875819,-0.07980831,-0.09518123,-2.691471,0.06499706,-0.13610029999999998,0.0,0.0,0.0
'unknown',0.76,0.1585114,-50.06747,12.77791,-2.3570900000000004,-1.994998,15.25017,0.4897889,-0.5983474,15.420570000000001,10.170169999999999,-20.73076,-4.516767,2.347184,-8.585987,-6.788911,-3.156364,-4.184324,-5.370337999999999,-4.899693,-5.380008999999999,-4.788031,-5.745476,-7.3414589999999995,-7.289343,0.22513629999999998,0.4704232,0.7400035,1.07925,1.242404,1.472906,1.798327,2.3019380000000003,72.45809,0.7122757,61.76396999999999,0.0,0.0,0.0,0.003278863,-2.207888,-1.0112299999999999,0.5093848,0.7842563,2.669305,3.371546,1.971656,3.041529,2.552149,3.981161,-1.676196,-0.10257290000000001,3.708,1.1563219999999998,-0.4043887,-0.24190219999999998,-0.545099,-0.3659449,-0.3467197,-0.2634942,-0.36498059999999993,-0.3085453,-0.2066676,-0.02350672,0.003797177,-0.0033832790000000003,-0.008927619,-0.01275233,-0.000592041,-0.04408853,-0.01441028,-2.842462,0.06672493,-0.008671513,0.0,0.0,0.0
'unknown',0.77,0.18539029999999998,-51.82542,11.78332,-2.9087169999999998,0.2393196,20.74571,6.094812,2.718657,20.434829999999998,14.838820000000002,-16.914920000000002,-6.044664,3.188961,-2.755681,-3.880893,-4.357901,-4.342948000000001,-6.081796,-5.216828,-5.601515,-4.8213,-5.925536,-7.5871,-7.465615,0.1839355,0.4840097,0.7492711,1.074677,1.209984,1.462107,1.77837,2.300491,69.56560999999999,0.7100126,60.88814,0.0,0.0,0.0,0.01991937,-2.0072229999999998,-0.8820775,0.1487358,0.1867076,1.239144,3.238179,3.0374380000000003,2.358268,2.556178,3.6586830000000004,-0.4713129,1.546555,3.8196760000000003,1.085248,-0.8146680000000001,-0.2670778,-0.4684982,-0.26956199999999997,-0.2647962,-0.2700821,-0.3670168,-0.2249881,-0.1926421,-0.009748069,0.01719741,0.01403966,0.01333724,0.008812129,0.0622625,0.08008929,0.1037141,-2.4849240000000004,0.0468684,-0.0132859,0.0,0.0,0.0
'unknown',0.78,0.2267185,-54.46236999999999,10.13378,-3.484208,-1.387456,18.61601,9.418078999999999,8.506322,21.12448,17.72411,-10.00298,-2.946936,6.828036999999999,0.5569291999999999,-2.1841209999999998,-6.001535,-4.843737,-6.5145669999999996,-5.499338,-5.8595180000000004,-5.37631,-6.530347,-7.731674000000001,-7.703297,0.1906139,0.5306301999999999,0.7595636,1.119597,1.2583,1.6182040000000002,2.037401,2.639807,67.50893,0.7088256,58.734790000000004,0.0,0.0,0.0,0.007572596,-1.854671,-0.8019432,0.6649934000000001,-0.2634647,-0.4134853,1.518995,2.509205,0.680254,1.441077,3.331775,1.00989,1.9263830000000002,2.350263,0.8686082,-0.24143360000000003,-0.2942976,-0.3272909,-0.275931,-0.2832906,-0.3477631,-0.3765315,-0.1733418,-0.1697049,-0.003346369,0.0148221,0.02708787,0.01814523,0.02592698,0.06990564,0.11467069999999999,0.12049189999999999,-1.7611080000000001,0.0007911325,0.00024881029999999996,0.0,0.0,0.0
'unknown',0.79,0.20103959999999998,-55.76623000000001,10.62241,-2.132487,-1.827421,18.43085,8.721225,9.248861999999999,20.13265,18.420579999999998,-9.142952000000001,-3.4152139999999997,10.33073,2.416778,-3.64731,-5.249379,-4.9540489999999995,-6.64165,-5.670793,-6.080758,-5.55699,-6.7836110000000005,-7.944086,-7.938745,0.20734070000000002,0.5312185,0.8280153,1.148868,1.295735,1.7238830000000003,2.221504,2.701942,66.07276,0.7130348000000001,0.0,0.0,0.0,0.0,-0.0002507269,-1.449805,-0.7048675,1.467659,-0.4832722,-2.2886189999999997,0.0004258633,0.6276406999999999,-1.315752,-1.20789,1.379371,0.9986007,0.4165177,-0.21693049999999997,-0.5708011,0.6125185000000001,-0.283263,-0.1657844,-0.25730549999999996,-0.27995,-0.3944419,-0.3513814,-0.09528746,-0.06874409,0.005749236,0.005150401,0.02813951,0.01526244,0.03537904,0.05233425,0.08855923,0.08775468,-1.179083,0.001651031,0.0205377,0.0,0.0,0.0
'unknown',0.8,0.1885498,-57.370419999999996,9.348652000000001,0.5797618,-2.2789509999999997,14.34017,6.771558,8.682576,18.972929999999998,15.584660000000001,-7.957864999999999,-0.7820425,8.408216,0.5791004,-2.562661,-3.917793,-5.350262,-6.726866,-6.052366,-6.556841,-6.159002,-7.199096000000001,-8.029675,-7.901302,0.1967019,0.5209292999999999,0.8360708,1.1328799999999999,1.329164,1.6915470000000001,2.150114,2.703671,65.39896999999999,0.7147203000000001,61.792840000000005,0.0,0.0,0.20652179999999998,-0.01388692,-1.040824,-0.775818,1.929609,0.3112433,-2.201466,-0.6427987,-1.279673,-1.9584009999999998,-2.714993,0.21294090000000002,1.1729889999999998,-1.345784,-1.402349,-0.7547976,1.048006,-0.2261596,-0.11660910000000001,-0.2957721,-0.2880466,-0.36704840000000005,-0.2565275,-0.04337301,0.03682494,-0.00596715,-0.006060237,0.01248518,-0.002012897,0.01661975,-0.01411304,-0.02039771,-0.0233629,-0.7313973000000001,4.1961669999999995e-06,0.0,0.0,0.0,0.0
'unknown',0.81,0.203221,-57.620419999999996,8.651546000000002,2.397595,-1.7312939999999999,11.440539999999999,7.420202000000001,5.768733999999999,14.93185,9.869088,-11.04062,-2.1341069999999998,4.48146,-3.8514190000000004,-6.545628,-2.337179,-5.506001,-6.804569,-6.226841,-6.652603,-6.402164,-7.348068,-7.914536,-7.710332000000001,0.20963769999999998,0.5146121,0.8517151,1.144347,1.351448,1.687107,2.1648099999999997,2.707332,64.72516999999999,0.7153204000000001,61.792840000000005,0.0,0.0,0.20652179999999998,-0.0126886,-1.1302729999999999,-1.007366,1.486082,0.781119,-1.965581,-0.8570063,-1.802531,-2.088742,-2.90658,1.419759,1.739169,-2.406221,-1.833191,-0.49851229999999996,0.7401496999999999,-0.2656035,-0.1370647,-0.348707,-0.29828109999999997,-0.3855647,-0.2109817,-0.0498796,0.03739228,-0.01123997,-0.01247928,-0.009667331,-0.01203338,-0.000262475,-0.04618812,-0.09636406,-0.07628045,-0.2757263,-0.002699816,0.0,0.0,0.0,0.0
'unknown',0.82,0.1561931,-58.7394,7.240124000000001,3.898797,0.12069690000000001,11.10384,6.854597999999999,3.8480199999999996,13.932870000000001,8.424897,-7.989439,2.277456,3.023749,-3.3207160000000004,-4.50895,-2.217606,-5.6985589999999995,-7.016153,-6.7001740000000005,-7.013828,-6.788964999999999,-7.530755999999999,-7.963314,-7.633379,0.1596297,0.5086322,0.8101396,1.111793,1.313542,1.566027,1.963759,2.520298,64.52574,0.7077038,0.0,0.0,0.0,0.0,-0.0138543,-1.337005,-1.041574,0.6922984000000001,0.8295511000000001,-0.53469,-2.224296,-2.300025,-2.124996,-2.398884,1.885172,1.740327,-1.612666,-0.5038467000000001,-0.04439826,-0.2072315,-0.3217113,-0.1597277,-0.3890607,-0.30912979999999995,-0.298894,-0.1278204,-0.1416445,-0.0609406,-0.0058931159999999995,-0.01022737,-0.008794516,-0.01064941,-0.009493256,-0.0471443,-0.1066817,-0.0897552,-0.01485825,-0.002747989,0.02977056,0.0,0.0,0.0
'unknown',0.83,0.1537748,-60.733109999999996,6.639838,3.638407,0.8783504000000001,10.221110000000001,4.394674,2.653484,12.208969999999999,7.467565,-2.028371,3.750885,0.991857,-4.799271,-5.166728,-2.398723,-6.107918,-7.18233,-7.0904240000000005,-7.3436699999999995,-7.169832,-7.672689,-8.226664999999999,-7.885746000000001,0.1696769,0.4749707,0.7926441999999999,1.099245,1.302233,1.5557020000000001,1.832861,2.412227,65.13074,0.703044,0.0,0.0,0.0,0.0,-0.01517311,-1.4501389999999998,-1.250934,0.163234,0.1929596,-0.06191797,-3.747064,-1.909416,-1.623485,-1.582281,2.505496,1.7145110000000001,-0.11588630000000001,0.8002089,0.3765507,-1.3497350000000001,-0.40932040000000003,-0.133812,-0.37128720000000004,-0.31937600000000005,-0.2361067,-0.08547144,-0.1869757,-0.1262457,-0.0003213108,-0.0074357780000000005,-0.008752584,-0.009656131,-0.01241393,-0.04090772,-0.09954647,-0.09502161,0.02043075,-0.0013098839999999999,0.007824146,0.0,0.0,0.0
'unknown',0.84,0.1440014,-62.4991,5.146634,3.4208480000000003,0.5639824999999999,12.27644,-2.837158,-1.259926,9.709389999999999,4.791005,-3.0381270000000002,4.977094999999999,2.089685,-1.466208,-3.474103,-4.923178,-6.65786,-7.3366240000000005,-7.565878,-7.756957000000001,-7.2696380000000005,-7.6758880000000005,-8.581833999999999,-8.118299,0.1872167,0.48961309999999997,0.8216336,1.102184,1.3063049999999998,1.521528,1.7826810000000002,2.402448,65.12189000000001,0.7071185999999999,65.38019,0.0,0.0,0.0,-0.008100693,-0.8269771,-1.548846,-0.47354090000000004,-1.282818,-0.7803326999999999,-3.9963480000000002,-1.591029,-1.0358040000000002,-1.307625,1.4009790000000002,0.31378920000000005,0.6778314000000001,1.689757,-0.4855811,-1.462799,-0.4592667,-0.04670668,-0.17465870000000003,-0.1773432,-0.07538585,-0.01444111,-0.08758517,-0.0275794,0.01950773,0.001150411,-0.0001998544,-0.0009596586,-0.009962535,-0.01735213,-0.04470994,-0.0973864,-0.3905228,0.001089883,0.0,0.0,0.0,0.0
'unknown',0.85,0.1334513,-62.99126,3.4436190000000004,3.452739,-0.988139,10.54465,-6.46924,-1.224374,8.926162,3.77463,-0.9887908000000001,5.088629,4.369061,-0.7776291999999999,-5.180297,-7.733071000000001,-7.072952000000001,-7.313393,-7.650425,-7.877919,-7.342361,-7.70286,-8.540154,-8.099101,0.1942376,0.4869428,0.8022050999999999,1.100871,1.292997,1.504818,1.7576169999999998,2.2911490000000003,64.52925,0.7090635999999999,62.751290000000004,0.0,0.0,0.0,-0.01745735,-0.07163239,-1.509102,-0.5349123,-2.2949439999999997,-2.089216,-3.767833,-1.183907,0.1760513,-0.13303679999999998,1.193643,-0.20517649999999998,0.7463164000000001,2.5188479999999998,-0.1272443,-0.9374909,-0.4055908,0.09426136,0.05613079,-0.06927309,0.02315197,0.02199116,0.03838997,0.1043369,0.02336898,0.002950022,-0.002813065,-0.003206193,-0.01159844,-0.0181477,-0.01983387,-0.09411304,-0.884483,0.0007837415,-0.03037577,0.0,0.0,0.0
'unknown',0.86,0.1258514,-61.7452,1.094005,1.6239270000000001,-5.360149,7.040406,-7.695183999999999,-2.168196,10.39526,3.7332410000000005,-1.504334,3.17753,4.724304,3.1172470000000003,-6.93007,-6.864426,-7.512375,-7.1841550000000005,-7.293467,-7.63342,-7.07963,-7.587877000000001,-8.244494,-7.664598,0.2448879,0.5083982,0.8043599,1.106182,1.268348,1.504708,1.777832,2.093905,62.87387,0.7101434,57.90775,0.0,0.0,0.07079646,-0.02168218,0.2402351,-0.800741,-0.5067504,-2.467108,-3.4504370000000004,-1.753354,0.03674363,1.356394,1.871722,1.942936,-0.5399055,-1.454368,1.366034,0.49228649999999996,0.26219640000000005,-0.271355,0.1826253,0.25209360000000003,0.006690407,-0.01301832,-0.02109022,0.100427,0.1356854,0.02639744,-0.006371546,-0.009411441999999999,-0.007482445,-0.00343771,-0.0031526329999999997,-0.004474414,-0.0380074,-1.0191459999999999,-0.0001257718,-0.02176916,0.0,0.0,0.0
'unknown',0.87,0.07556304,-61.468219999999995,1.120641,1.8623060000000002,-7.634302000000001,2.39304,-12.01548,-2.811914,12.74629,7.331263000000001,3.172946,3.6247849999999997,3.40613,5.50324,-4.074965,-6.115554,-7.708614,-6.7872580000000005,-6.945975999999999,-7.751803999999999,-7.149075999999999,-7.606739,-8.203384,-7.590911999999999,0.25768620000000003,0.48032820000000004,0.7872158,1.081215,1.263219,1.473373,1.736116,2.095933,61.83234,0.7054503000000001,57.374309999999994,0.0,0.0,0.07079646,-0.01971678,-0.01078529,0.2279663,-0.1752941,-1.380223,-2.8355759999999997,-0.3212903,1.168493,1.04845,3.5008559999999997,1.05544,-0.7840456,-2.905406,-0.5227799,2.375109,1.213135,-0.09267192,0.14362149999999999,0.2609186,-0.02935863,-0.09486546,-0.08441167,0.05621414,-0.00385499,0.01808668,-0.007964322,-0.005683667,-0.008077323,0.01531219,0.01084125,0.02702678,0.08388464,-0.7808510000000001,-0.0017077210000000002,0.0,0.0,0.0,0.0
'unknown',0.88,0.0645346,-62.05945,2.304418,1.6823130000000002,-8.448474000000001,-0.8999456,-8.830810000000001,-0.2824377,14.58129,12.3713,4.595685,3.009489,-4.700687,2.223525,-1.565337,-4.420955,-7.696803999999999,-6.686564999999999,-6.657635000000001,-7.786561999999999,-7.4313720000000005,-7.829399,-8.248084,-7.6939660000000005,0.2874796,0.46106270000000005,0.7820710999999999,1.0746,1.3040049999999999,1.521487,1.771059,2.310019,61.37461999999999,0.7082964,0.0,0.0,0.0,0.0,-0.01073633,-0.419387,0.8756582,-0.1653591,0.06423688,-1.272326,1.598868,3.052496,-0.0307498,3.8003739999999997,-0.02902521,-0.9029207,-2.87978,-2.601209,3.331882,1.059035,0.03740778,-0.01801696,0.1487181,-0.03232002,-0.161005,-0.1236799,0.0235507,-0.17376629999999998,0.006209576,-0.00535762,-0.008621913,-0.01343669,0.0182436,0.01314446,0.01222049,0.14309449999999999,-0.34562220000000005,-0.00363428,0.0,0.0,0.0,0.0
'unknown',0.89,0.06552586,-62.88806999999999,3.978244,2.5470759999999997,-6.34509,0.33694509999999994,-7.507878999999999,3.675211,12.075389999999999,16.95988,1.238401,1.252421,-5.445473000000001,-2.944668,4.012882,-2.8891299999999998,-7.444097999999999,-6.84408,-6.663748,-7.948141000000001,-7.640817,-8.004157000000001,-8.257289,-8.103692,0.2633752,0.470789,0.7849311999999999,1.076275,1.3517290000000002,1.550635,1.896137,2.6025150000000004,61.37461999999999,0.7014484999999999,0.0,0.0,0.0,0.0,0.0008143835000000001,-0.44202879999999994,0.8454278000000001,-0.3795965,0.751761,0.2425505,2.2746720000000002,3.9385550000000005,-1.371051,1.9624080000000002,-0.7156308000000001,-0.4808146,0.12698620000000002,-2.601238,3.37589,0.7299720999999999,0.09165001,-0.14864760000000002,0.01774468,0.03527512,-0.13050050000000002,-0.07520733,0.03682051,-0.22457339999999998,-0.003089145,0.0020490770000000003,-0.001467937,-0.007768643,0.02008182,0.01273136,0.01916137,0.1282814,-0.20254360000000002,-0.00398705,0.0,0.0,0.0,0.0
'unknown',0.9,0.07718836,-63.13222,4.043495,0.4547456,-5.683571,1.7068240000000001,-1.954645,9.850722,10.57696,17.9208,-0.6821881,-0.15089170000000002,-5.248794,-5.664843,5.685416,-3.1824619999999997,-7.457594,-7.2458279999999995,-6.690989999999999,-7.696851,-7.638783999999999,-8.007567,-8.099789,-8.27704,0.2730913,0.4863798,0.7623926,1.041468,1.3153110000000001,1.5318,1.758923,2.556086,61.37461999999999,0.6939729,0.0,0.0,0.0,0.0,0.002467271,-0.30642240000000004,0.5342011999999999,-0.5000732,0.5538633000000001,0.9458269,2.314405,3.7268410000000003,-1.8784619999999999,-0.5682842,0.7586713,0.17091270000000003,2.413903,-0.9983488000000001,2.512517,-0.03413524,0.08070922,-0.1882915,-0.05909004,0.12477629999999999,-0.07323889,-0.02120185,0.02338266,-0.18108410000000003,-0.008293484,0.008231011,-0.00046260949999999996,-0.004708695,0.01274706,0.0153361,0.02495169,0.06574623,-0.3333061,-0.003062755,0.0,0.0,0.0,0.0
'unknown',0.91,0.07330807,-63.141980000000004,4.478241000000001,0.5781066999999999,-5.257949,2.3024080000000002,-4.080198,11.81428,7.8932080000000004,14.36855,2.2337279999999997,2.800903,4.315114,-3.558768,9.179111,-3.08494,-7.369969,-7.250864999999999,-6.840575,-7.620284,-7.697872,-7.893692,-8.09343,-8.422242,0.2494346,0.4779151,0.7897153,1.058938,1.357975,1.531874,1.837991,2.614306,60.81961999999999,0.6926768,0.0,0.0,0.0,0.0,0.0042539629999999995,-0.11075330000000001,0.2713009,-0.5604044,0.0937285,0.7766229,2.016453,2.098098,-1.150396,-2.7261580000000003,2.525007,0.48514189999999996,2.243187,0.24832800000000002,0.7018047,-0.14089229999999997,0.04915342,-0.1237328,-0.06604829,0.17137370000000002,-0.02792311,0.01948686,-0.02556229,-0.07325201,-0.0077756019999999995,0.007050574,0.0005288243,0.000902617,0.006541491,0.02015175,0.02129364,0.01046839,-0.6425941999999999,0.0015629770000000001,0.0,0.0,0.0,0.0
'unknown',0.92,0.07297985,-63.4646,4.725425,0.1664312,-6.222728,2.846457,1.027377,14.282229999999998,7.280077,10.82554,7.891378,3.089812,2.488534,-2.461169,8.414133999999999,-4.4937260000000006,-7.330322,-7.424631,-6.8646720000000006,-7.3266089999999995,-7.769039,-7.990641,-8.2131,-8.440111,0.2529825,0.49865470000000006,0.777366,1.059725,1.364617,1.607548,1.924891,2.632854,59.98559,0.6973684,55.53793,0.0,0.0,0.0,0.006329528,-0.07300949,0.07169247,-0.4867937,0.04304614,0.2986895,1.1087129999999998,-0.9915174000000001,-0.34658390000000006,-2.485393,2.1563939999999997,-0.9963844000000001,0.31046640000000003,0.6448825,-0.230573,0.45437440000000007,0.003416109,-0.05275173,-0.04811792,0.09201069,0.04568672,0.0009883404,-0.06235361,0.006369305,-0.003341672,0.007632839000000001,0.002058303,0.002807605,-0.0037411090000000003,0.02132988,0.01971469,0.007860494,-0.8149223000000001,-0.0006782711,0.0,0.0,0.0,0.0
'unknown',0.93,0.08889993,-63.27564,4.9937830000000005,-0.1107891,-5.6068690000000005,3.650243,1.083374,11.94994,7.9718539999999996,6.876722,9.576652000000001,2.057779,1.9018009999999999,-3.304864,6.157547,-2.937959,-7.261966999999999,-7.373342999999999,-6.907149,-7.276393,-7.715305,-7.915186,-8.328444000000001,-8.388416000000001,0.2345516,0.49990439999999997,0.7800885999999999,1.07166,1.359783,1.61352,1.9196220000000002,2.616473,58.85617,0.7075656,55.46788000000001,0.0,0.0,0.2978723,0.006200581,-0.09856682,-0.20891350000000003,-0.7095342,0.2394708,-0.45009799999999994,-0.2939252,-3.751804,0.9345819,-0.9970868,-0.08951292,-2.177218,-1.53014,0.4104782,-1.273698,0.8200318000000001,-0.09452486,0.0056983,-0.02928314,-0.04595656,0.1270763,0.001622534,-0.05671778,0.06290913,0.004634884000000001,0.00252513,0.004010188,-0.0006964086999999999,-0.02308695,-0.001020777,-0.04913466,-0.01775518,-0.7370411,-0.005164695,0.001236223,0.0,0.0,0.0
'unknown',0.94,0.10104010000000001,-63.430440000000004,4.144186,-1.634775,-5.293880000000001,2.526354,1.007136,4.825304,8.804714,9.23975,6.428319999999999,-4.761252,-2.489805,-2.567382,6.0433330000000005,-0.9840803,-7.494515,-7.448347999999999,-6.898292999999999,-7.408742999999999,-7.401634,-7.991878999999999,-8.294049000000001,-8.262106,0.26382449999999996,0.5135493,0.7774975000000001,1.049145,1.2957020000000001,1.597626,1.8166810000000002,2.594305,58.28174,0.6831371,55.84451,0.0,0.0,0.2978723,-0.001447989,-0.06798782,-0.3442481,-0.4894488,0.5253366,-1.384734,-1.9982509999999998,-4.964915,1.83525,0.14908039999999997,-2.751881,-1.673218,-1.074445,0.8630821,-1.1256,1.092416,-0.13268039999999998,0.06541415,-0.01414957,-0.17331629999999998,0.1356895,0.02776394,-0.01249819,0.1026058,0.009534938,-0.008348292,0.009977316,0.00387181,-0.02526214,-0.01966593,-0.08058424,-0.02987835,-0.4868321,-0.008497918,0.0,0.0,0.0,0.0
'unknown',0.95,0.09028087,-63.6519,3.724293,-2.0689610000000003,-4.525019,0.21196979999999999,-5.539703,-2.216273,11.8038,10.17601,2.517692,-4.159657,-0.8464165000000001,-1.45327,3.996022,-0.7396043000000001,-7.760497,-7.210514999999999,-6.97018,-7.809,-7.246192999999999,-7.88496,-8.336544,-8.196699,0.26718800000000004,0.4830934,0.8097005,1.060746,1.276999,1.531731,1.646422,2.5448049999999998,57.986340000000006,0.6739689999999999,0.0,0.0,0.0,0.0,-0.008814856999999999,0.09700966,-0.31888479999999997,-0.17514620000000003,-0.29237470000000004,-2.115177,-0.9644433000000001,-3.1400669999999997,2.782787,-0.2334061,-3.426472,1.528923,-0.532895,1.658232,-0.8833631,0.8764535,-0.1127046,0.08360553,0.0640749,-0.08744278,0.03238163,0.03675237,0.02244692,0.17819100000000002,0.01138403,-0.009897063000000001,-0.0004915416000000001,0.0066097740000000006,-0.01071004,-0.02021499,-0.05992843,-0.02670267,-0.20350420000000002,-0.004031408,0.0,0.0,0.0,0.0
'unknown',0.96,0.06504943,-63.616409999999995,3.63893,-1.301727,-4.13697,-2.358077,-5.652340000000001,-3.4592339999999995,14.54036,9.921299000000001,-2.338549,-2.167558,-1.5095809999999998,0.9284444,3.8668970000000003,-0.1308216,-7.744459,-7.178974,-6.903903999999999,-7.926888000000001,-7.3251479999999995,-7.866934,-8.271542,-8.022941000000001,0.284339,0.4653187,0.8124465999999999,1.084541,1.279699,1.5501129999999999,1.658569,2.519297,57.986340000000006,0.6716772,0.0,0.0,0.0,0.0,-0.009854974,0.3134327,0.09792943,0.1296913,-1.075583,-2.00914,0.7668778,0.5971401,3.4047199999999997,-1.343273,-2.1464090000000002,4.617519000000001,0.21529410000000002,1.7613509999999999,-1.052028,0.2172835,0.0027750490000000004,0.110234,0.1563858,0.08187018,-0.1152049,0.05841489,0.01125517,0.18002579999999999,0.005439305,-0.005825615,-0.0184316,0.0147766,0.01731212,-0.009650255,0.010615,-0.00853796,0.36523059999999996,0.005216825,0.0,0.0,0.0,0.0
'unknown',0.97,0.06282096,-62.6976,3.651988,-1.153044,-7.6471979999999995,-4.483428,-0.409105,0.3918808,19.017970000000002,5.368917,-3.1722740000000003,8.405545,-1.252786,3.238382,2.828949,1.017679,-7.700517999999999,-7.090002,-6.583969000000001,-7.454535000000001,-7.591639999999999,-7.793896000000001,-8.227464,-7.617044,0.2812146,0.4745344,0.7601563,1.087011,1.3142340000000001,1.536201,1.699036,2.520464,57.986340000000006,0.6931385,0.0,0.0,0.0,0.0,0.0008653097,0.3198448,0.34087259999999997,-0.10827660000000001,-1.752013,-0.9451228000000002,2.453088,2.588908,1.574792,-1.3628930000000001,-0.08476651,4.158462,0.5706283000000001,1.66658,-0.7430791,-0.106607,0.05327463,0.06628819,0.17179229999999998,0.231258,-0.1328779,-0.004195309,-0.007497883,0.09875159,0.003290865,0.009949774,-0.02844425,0.008900106,0.02385268,0.003401697,0.0647364,0.01245043,1.362878,0.009295183,0.0,0.0,0.0,0.0
'unknown',0.98,0.06549515,-62.340419999999995,4.669986,-1.444277,-9.110705000000001,-5.17165,2.276226,6.506926999999999,22.22123,4.9269300000000005,-1.45874,12.04374,-1.21015,3.8935489999999997,1.366727,-0.7763044,-7.510629,-6.957433999999999,-6.309469,-7.176624,-7.804935,-7.745336,-8.292314,-7.651803999999999,0.2840078,0.4887008,0.7101116,1.109896,1.363644,1.54714,1.8434490000000001,2.563786,60.107890000000005,0.6996365,0.0,0.0,0.0,0.0,0.004295498,0.008574295,0.5158689999999999,-0.08817278,-1.0567469999999999,0.3718876,1.107744,2.164709,-2.11782,-0.5096029000000001,1.112943,1.203375,1.075817,0.6493589,-0.6482399,-0.5642158,0.05394249,0.04371953,0.03414493,0.14585379999999998,-0.09633722,-0.0732369,-0.03777323,-0.09815121,-0.0018956720000000002,0.01480862,-0.01478431,0.0012779830000000001,0.02023971,0.008447218000000001,0.06907374,0.0211823,2.452501,0.00507496,0.0,0.0,0.0,0.0
'unknown',0.99,0.09438456,-62.69067,4.913126999999999,-2.539069,-10.79822,-3.1068580000000003,2.7614549999999998,5.745184,15.837320000000002,5.858729,1.6539560000000002,9.526999,1.8570099999999998,5.397079,1.530712,-0.9498976999999998,-7.611038000000001,-6.989844000000001,-6.408436,-7.0278410000000004,-7.670689,-7.966736,-8.363647,-7.888509,0.283808,0.5211511999999999,0.7186468,1.0925690000000001,1.3542889999999999,1.550226,1.877664,2.584812,63.739959999999996,0.7064651999999999,82.96109,0.0,0.0,0.1804878,0.005200952,-0.3873978,-0.02464495,-0.1123376,0.2421571,1.276294,-1.0255450000000002,-0.01540027,-5.395052,0.39080909999999996,0.714434,-2.128816,1.409822,-0.1261137,0.1150567,-0.01398153,-0.05026512,-0.05730262,-0.1792665,-0.04306531,-0.009244728,-0.10166499999999999,-0.01340103,-0.21297539999999998,-0.002631456,0.01020245,0.01675764,-0.004684853,0.0031880859999999997,0.005928791,0.02875819,0.008555984,2.9056580000000003,-0.004661494,0.0,0.0,0.0,0.0
'unknown',1.0,0.07074513,-63.577009999999994,5.587705000000001,-1.0495780000000001,-7.845192999999999,-1.1869239999999999,-1.6989,4.687657,5.5415779999999994,7.128378,0.8130516,3.288589,2.314609,3.0958900000000003,1.274816,-1.968113,-7.519486,-7.010456,-6.820946000000001,-7.410964999999999,-7.76731,-8.146699,-8.392316000000001,-8.377964,0.2735639,0.5160534000000001,0.7592798000000001,1.088152,1.36087,1.585337,1.914624,2.593034,67.37204,0.6903885999999999,82.96109,0.0,0.0,0.1804878,-0.00022890119999999998,-0.3254017,-1.101761,-0.3471828,0.7081946,1.0398610000000001,-1.925548,-1.3209879999999998,-5.4562230000000005,-1.081064,-0.9508452,-2.5783099999999997,1.197589,-0.39380429999999994,1.0856299999999999,0.21931460000000003,-0.16384649999999998,-0.16011229999999999,-0.2389866,-0.1002178,0.04166942,0.0019771579999999997,0.07327251,-0.101087,0.004925269,0.005149096,0.03115562,-0.001149774,1.068115e-05,-0.0004596114,-0.006053066,0.003658629,2.2691939999999997,-0.01206917,0.0,0.0,0.0,0.0
'unknown',1.01,0.08620074,-64.0163,3.069904,-1.912082,-7.0691679999999995,-0.0943189,-3.5492690000000002,1.224515,0.3825345,6.222239,-0.7360005999999999,2.139043,4.033943,3.006642,3.450188,1.543675,-7.9474149999999995,-7.350003999999999,-7.224563000000001,-7.552691,-7.656677,-8.10154,-8.244468,-8.318841,0.2732792,0.5118703,0.8193604,1.074458,1.3315620000000001,1.5467469999999999,1.807239,2.54862,68.88256,0.674455,0.0,0.0,0.0,0.0,-0.0053233609999999995,0.6564224,-2.291649,-1.439759,1.235023,1.038567,-1.331058,-0.2433527,-2.1381799999999997,-3.185795,-1.49469,-2.7417599999999998,-0.1385067,-0.2968237,1.6262809999999999,-0.2778938,-0.1631909,-0.21765279999999998,-0.0879726,0.0558629,0.21650460000000002,0.33601240000000004,0.28052150000000003,0.17610309999999998,0.01706511,0.01345733,0.04000443,0.02153996,0.0157733,0.003026903,0.00766437,0.008920575,1.1795719999999998,-0.01175098,0.0,0.0,0.0,0.0
'unknown',1.02,0.06844255,-63.30461999999999,0.08279371,-3.4936849999999997,-7.434258,-1.4786139999999999,-4.196149,2.162322,2.667508,-0.6601458,-5.017988,2.84617,3.6893290000000003,3.119746,5.835138,-0.9265178,-8.161674,-7.577914999999999,-7.0963389999999995,-7.415288,-7.603594,-7.668048,-7.9855410000000004,-7.942073,0.3138985,0.5190867,0.8155329000000001,1.113202,1.375061,1.546581,1.848396,2.600175,68.88256,0.6552956999999999,0.0,0.0,0.0,0.0,-0.008811831,2.538535,-3.4934910000000006,-3.511546,1.260099,1.5183870000000002,0.1611519,0.4558781,0.6956363,-4.4542839999999995,-1.323685,-3.228598,-1.044016,1.54766,1.815352,-1.750805,-0.09228835,-0.1738576,0.229856,0.445082,0.6403733,0.7659134,0.6143755,0.5714682,0.02971854,0.02929004,0.0367038,0.0348624,0.02888218,0.01133337,0.02512356,-0.000702095,0.3021042,-0.004287839,0.0,0.0,0.0,0.0
'unknown',1.03,0.06891904,-59.54475,-3.792665,-8.515813,-4.828568,2.231821,-2.6452080000000002,5.791087999999999,6.583461,-6.175985,-2.903973,-3.960593,0.477116,3.901033,7.381956,-2.860164,-8.105899,-7.794378,-6.710602000000001,-6.746364999999999,-6.670023,-6.525999,-7.164427000000001,-7.225939,0.3489662,0.5869211999999999,0.8905424000000001,1.1877440000000001,1.42606,1.584738,1.9491,2.625845,68.88256,0.6652568,0.0,0.0,0.0,0.0,-0.01297611,4.6550720000000005,-3.914253,-5.124087,1.96478,2.020432,0.3629937,0.44599229999999995,1.371221,-2.170081,-0.28450549999999997,-3.7412870000000003,-1.560088,2.513626,1.468442,-2.8447169999999997,0.08936892,0.05689106,0.5146312,0.8000229,1.116342,1.153258,0.9770616,0.8620424000000001,0.03659927,0.05065463,0.04280231,0.0338352,0.03662644,0.02063506,0.04581318,-0.0076581,0.0,0.0035264790000000003,0.0,0.0,0.0,0.0
'unknown',1.04,0.03532682,-53.1201,-8.448468,-15.305439999999999,-2.664996,5.241939,-1.345171,4.683761,5.919296,-8.943927,-4.721387,-9.804584,-1.127057,10.387,8.385692,-8.520219,-7.901686,-7.657557000000001,-5.928646,-5.588718,-5.05877,-5.104902,-5.860458,-6.067074,0.38431309999999996,0.6249781,0.9072078000000001,1.205822,1.458032,1.623008,1.969312,2.550911,68.88256,0.6735485,0.0,0.0,0.0,0.0,-0.0025273929999999997,5.724887,-3.702615,-5.507613,1.558597,1.893779,-0.0061625,-1.5518290000000001,0.1254998,1.28419,-0.33194470000000004,-2.786622,-0.6993054,2.2465080000000004,0.9066383,-3.189077,0.1973093,0.295927,0.6464032,0.9767459999999999,1.368983,1.2146569999999999,1.111207,0.9775366,0.03726641,0.05065233,0.04044921,0.005781161999999999,0.005977058,0.005492055,-0.008586001999999999,-0.04411549,0.0,0.008051926,0.0,0.0,0.0,0.0
'unknown',1.05,0.03787808,-45.83319,-12.23573,-21.62664,0.3700994,6.647564,-3.15979,2.193757,5.612743,-0.48627309999999996,-2.306828,-10.24201,-1.3583049999999999,11.94115,9.517119000000001,-8.883058,-7.630564,-7.025728,-5.235254,-4.465862,-3.347381,-3.616824,-4.4217010000000005,-4.946129,0.4210683,0.7121978,0.9875345,1.197325,1.473209,1.611709,1.975848,2.534961,68.88256,0.6829609999999999,0.0,0.0,0.0,0.0,0.02062447,4.345212999999999,-2.800435,-4.077879,0.5465114000000001,0.44019480000000005,-0.8103251,-3.164591,-1.629641,3.131984,-1.669309,-0.01817427,1.0742969999999998,0.2456425,0.2515083,-2.892199,0.13900620000000002,0.3465864,0.4731378,0.7321644,1.04142,0.8391373,0.8457959999999999,0.7486957,0.03941472,0.04006941,0.02606035,-0.01767629,-0.02498074,-0.01631595,-0.06469995,-0.05041669,0.0,0.006297159,0.0,0.0,0.0,0.0
'unknown',1.06,0.07132607,-41.535959999999996,-14.20875,-24.476329999999997,-2.240606,5.782407,-3.969671,-3.7981599999999998,3.7803660000000003,2.91595,-6.976284,-7.946227,1.1105129999999999,10.332230000000001,9.300748,-13.86046,-7.412795,-6.482605,-4.601997,-3.67181,-2.4199990000000002,-3.0493490000000003,-3.800868,-4.194294999999999,0.4641795,0.7097101,0.9692829,1.137317,1.381372,1.560556,1.7920919999999998,2.425039,68.88256,0.6867033,0.0,0.0,0.0,0.0,0.03535936,2.124112,-1.561142,-2.072177,-0.1964727,-0.464376,-1.030362,-2.8934,-1.893716,2.903612,-1.861961,1.490925,1.780187,-1.724525,-0.1742594,-1.802963,0.04679952,0.2394075,0.20678320000000003,0.3511307,0.5117997999999999,0.37523609999999996,0.4246891,0.3823727,0.03286254,0.02725529,0.01674699,-0.02081252,-0.03708137,-0.02545713,-0.07718426,-0.03266921,0.0,0.004043764,0.0,0.0,0.0,0.0
'unknown',1.07,0.15404179999999998,-43.61076,-14.9147,-24.319760000000002,-2.308207,4.162561,-5.384583999999999,-5.790907,-0.4952765,3.5539989999999997,-10.12307,-4.980643,4.729818,5.156629,8.18197,-14.65104,-7.6553130000000005,-6.648922,-5.0082379999999995,-4.043997,-2.782307,-3.358089,-3.965242,-4.41885,0.5061066,0.7449023,0.9898066999999999,1.133614,1.339486,1.534384,1.714209,2.436697,68.88256,0.6901651999999999,0.0,0.0,0.0,0.0,0.03150431,0.2370071,-0.6063875,-0.5229675,-0.5424213000000001,-0.6589853,-0.5864501,-1.7962080000000002,-1.649168,0.8718594000000001,-1.8779270000000001,1.348833,1.5795549999999998,-1.8744630000000002,-0.3789078,-1.232656,-0.02920175,0.0587296,0.0047791,0.04715421,0.0767839,0.020873,0.07485428,0.08300032,0.02120038,0.01006013,0.002506804,-0.01311243,-0.03093314,-0.01808201,-0.06011594,-0.01848705,0.0,0.0017870429999999999,0.0,0.0,0.0,0.0
